floor_id,floor_name,booth,desk,distance,partner_flg,partner2_flg,open_time_weekday,close_time_weekday,open_time_saturday,close_time_saturday,open_time_sunday,close_time_sunday,address_detail,floor_name_kana,type,telecube_id,type_name
532,JR新宿ミライナタワー　５F オフィスロビーエスカレーター正面,"true","false",5909.0646389453705,"false",0,07:00,20:30,,,,,東京都新宿区 新宿4-1-6 JR新宿ミライナタワー,JRシンジュクエキミライナタワー5Fオフィスロビー　エスカレーターショウメン,2,989,BOOTH
521,会津若松駅改札外,"true","false",203229.9274502757,"false",0,07:00,21:30,07:00,21:30,07:00,21:30,福島県会津若松市 駅前町1-1 会津若松駅,アイヅワカマツエキカイサツガイ,2,974,BOOTH
640,青森空港旅客ターミナルビル1F(国内線チケットロビー内),"true","false",567105.4982515447,"false",0,07:00,21:30,07:00,21:30,07:00,21:30,青森県青森市 大字大谷字小谷1-5 青森空港ビル,アオモリクウコウリョカクターミナルビル,2,1242,BOOTH
59,赤羽駅南改札外,"true","false",11391.67941896317,"false",0,07:00,21:30,07:00,21:30,07:00,21:30,東京都北区 赤羽 １丁目 １ 赤羽駅,アカバネエキミナミカイサツガイ,2,153,BOOTH
586,赤羽駅南改札外（東口側）,"true","false",11475.110200907187,"false",0,07:00,21:30,07:00,21:30,07:00,21:30,東京都北区 赤羽1-1-1 赤羽駅,アカバネエキミナミカイサツガイ(ヒガシグチガワ),2,736,BOOTH
514,昭島駅改札外,"true","false",36871.69226727524,"false",0,07:00,21:30,07:00,21:30,07:00,21:30,東京都昭島市昭和町 2-1-10 昭島駅,アキシマエキカイサツガイ,2,966,BOOTH
96,秋田駅みどりの窓口内,"true","false",449067.55256866204,"false",0,07:00,20:00,07:00,20:00,07:00,20:00,秋田県秋田市 中通 ７丁目 １ ２,アキタエキミドリノマドグチナイ,2,229,BOOTH
343,秋田空港出発ロビー横,"true","false",438077.39452812064,"false",0,07:00,19:30,07:00,19:30,07:00,19:30,秋田県秋田市 雄和椿川字山籠49番地,アキタクウコウシュッパツロビーヨコ,2,767,BOOTH
56,秋葉原駅中央改札外,"true","false",2007.5549372546006,"false",0,07:00,21:30,07:00,21:30,07:00,21:30,東京都千代田区 外神田 １丁目 秋葉原駅,アキハバラチュウオウカイサツガイ,2,147,BOOTH
182,秋葉原ワシントンホテル,"false","false",1898.9917619027253,"true",0,08:00,19:00,08:00,19:00,08:00,19:00,東京都千代田区神田佐久間町 1－8－3,アキハバラワシントンホテル,3,420,ホテルシェアオフィス
331,上尾駅改札内,"true","false",36165.175115503975,"false",0,07:00,21:30,07:00,21:30,07:00,21:30,埼玉県上尾市 柏座 １丁目 1-18,アゲオエキカイサツナイ,2,742,BOOTH
445,浅草橋駅改札外,"true","false",2526.2854982478243,"false",0,07:00,21:30,07:00,21:30,07:00,21:30,東京都台東区 浅草橋1-18-11 浅草橋駅,アサクサバシエキカイサツガイ,2,913,BOOTH
335,アトリエアルヴェ（秋田駅直結）,"false","false",448936.66386747756,"true",1,09:00,20:00,09:00,20:00,09:00,20:00,秋田県秋田市東通仲町 ４番１号 秋田拠点センターアルヴェ２階　アルヴェシアター施設内,アトリエアルヴェアキタエキチョッケツ,3,746,その他(WeWork等)
466,アトレ取手２F,"true","false",35926.73757997639,"false",0,10:00,20:30,10:00,19:30,10:00,19:30,茨城県取手市 中央町2-5,アトレトリデニカイ,2,944,BOOTH
413,我孫子駅改札外,"true","false",30649.635322886665,"false",0,07:00,21:30,07:00,21:30,07:00,21:30,千葉県我孫子市本町 2丁目1番1号 我孫子駅,アビコエキ,2,860,BOOTH
626,.andwork 麻布十番,"false","false",4041.740000990784,"true",1,08:00,22:00,08:00,22:00,08:00,22:00,東京都港区 麻布十番1丁目5番23号 ルネ麻布十番ビル 2F,アンドワークアザブジュウバン,3,1221,その他(WeWork等)
630,.andwork 大阪,"false","false",403373.06691323634,"true",1,08:00,22:00,08:00,22:00,08:00,22:00,大阪府大阪市中央区南本町 1-5-11 THE LIVELY 大阪本町内,アンドワークオオサカ,3,1229,その他(WeWork等)
632,.andwork 沖縄,"false","false",1557597.4213095247,"true",1,07:00,22:00,07:00,22:00,07:00,22:00,沖縄県那覇市 松山2丁目3-11 ＥＳＴＩＮＡＴＥ ＨＯＴＥＬ NAHA内,アンドワークオキナワ,3,1233,その他(WeWork等)
629,.andwork 京都(半個室),"false","false",370968.66582410864,"true",1,08:00,22:00,08:00,22:00,08:00,22:00,京都府京都市中京区山崎町 235 ミレニアルズ京都内,アンドワークキョウト(ハンコシツ),3,1227,その他(WeWork等)
628,.andwork 京都(ｵｰﾌﾟﾝﾗｳﾝｼﾞ),"false","false",370968.54988065327,"true",1,08:00,22:00,08:00,22:00,08:00,22:00,京都府京都市中京区山崎町 ２３５ ミレニアルズ京都内,アンドワークキョウト(ｵｰﾌﾟﾝﾗｳﾝｼﾞ),3,1225,その他(WeWork等)
625,.andwork 渋谷(半個室),"false","false",6403.713177782883,"true",1,08:00,20:00,08:00,20:00,08:00,20:00,東京都渋谷区 神南1丁目20番13号 The Millennials 渋谷内,アンドワークシブヤ(ハンコシツ),3,1219,その他(WeWork等)
624,.andwork 渋谷(ｵｰﾌﾟﾝﾗｳﾝｼﾞ),"false","false",6394.935253400062,"true",1,08:00,22:00,08:00,22:00,08:00,22:00,東京都渋谷区 神南1丁目20番13号 The Millennials 渋谷内,アンドワークシブヤ(ｵｰﾌﾟﾝﾗｳﾝｼﾞ),3,1217,その他(WeWork等)
631,.andwork 福岡(半個室),"false","false",888635.3533456773,"true",1,08:00,22:00,08:00,22:00,08:00,22:00,福岡県福岡市博多区 中洲5-2-18 THE LIVELY 福岡博多内,アンドワークフクオカ(ハンコシツ),3,1231,その他(WeWork等)
165,飯田橋駅東口改札内,"true","false",3027.613440039689,"false",0,07:00,21:30,07:00,21:30,07:00,21:30,東京都千代田区 飯田橋 ４丁目 ９－５ 飯田橋駅,イイダバシエキヒガシグチカイサツナイ,2,366,BOOTH
516,飯山駅改札外,"true","false",180788.54690992605,"false",0,07:00,21:30,07:00,21:30,07:00,21:30,長野県飯山市 飯山770-3 飯山駅,イイヤマエキカイサツガイ,2,969,BOOTH
9,池袋駅メトロポリタン改札内※ブース内ビジネスコンテンツ無料実証実験中,"true","false",7301.195916168001,"false",0,07:00,21:30,07:00,21:30,07:00,21:30,東京都豊島区 西池袋 １丁目 １ ２５,イケブクロエキメトロポリタンカイサツナイ,2,37,BOOTH
474,コワーキングスペース いこいヴィラ(軽井沢),"false","false",129669.6554139233,"true",1,09:00,17:00,09:00,17:00,09:00,17:00,長野県北佐久郡軽井沢町 長倉3391-3,イコイヴィラ,3,959,その他(WeWork等)
402,石川町駅中華街口改札外,"true","false",29087.499241828136,"false",0,07:00,21:30,07:00,21:30,07:00,21:30,神奈川県横浜市中区石川町 二丁目７２番地 石川町（元町・中華街）駅,イシカワチョウエキチュウカガイグチカイサツガイ,2,850,BOOTH
362,石川町駅元町口改札外,"true","false",29135.427883378794,"false",0,07:00,21:30,07:00,21:30,07:00,21:30,神奈川県横浜市中区石川町 二丁目７２番地,イシカワチョウエキモトマチグチカイサツガイ,2,795,BOOTH
414,市ケ谷駅改札外,"true","false",3000.4266368118133,"false",0,07:00,21:30,07:00,21:30,07:00,21:30,東京都千代田区 五番町 2番地,イチガヤエキカイサツガイ,2,853,BOOTH
404,一ノ関駅西口改札外,"true","false",380079.9101551746,"false",0,07:00,21:30,07:00,21:30,07:00,21:30,岩手県一関市 駅前 67 一ノ関駅,イチノセキエキニシグチカイサツガイ,2,854,BOOTH
325,稲毛駅改札内,"true","false",29939.77429208178,"false",0,07:00,21:30,07:00,21:30,07:00,21:30,千葉県千葉市 稲毛東 ３丁目 １９番２２号,イナゲエキカイサツナイ,2,729,BOOTH
451,稲毛海岸駅改札内,"true","false",28379.00206625964,"false",0,07:00,21:30,07:00,21:30,07:00,21:30,千葉県千葉市美浜区 高州3-24-1 稲毛海岸駅,イナゲカイガンエキカイサツナイ,2,922,BOOTH
32,いわき駅改札内,"true","false",183167.27552021082,"false",0,07:00,21:30,07:00,21:30,07:00,21:30,福島県いわき市 平 田町 １０３,イワキエキカイサツナイ,2,88,BOOTH
208,WeWork アイスバーグ,"false","false",5861.970974344994,"true",1,09:00,20:00,,,,,東京都渋谷区 神宮前6-12-18,ウィーワークアイスバーグ,3,503,その他(WeWork等)
218,WeWork アークヒルズサウス,"false","false",2990.0041226992053,"true",1,09:00,18:00,,,,,東京都港区 六本木 1-4-5 16F,ウィーワークアークヒルズサウス,3,524,その他(WeWork等)
209,WeWork オーシャンゲートみなとみらい,"false","false",27509.094079328508,"true",1,09:00,20:00,,,,,神奈川県横浜市西区 みなとみらい3-7-1,ウィーワークオーシャンゲートミナトミライ,3,505,その他(WeWork等)
538,WeWork KABUTO ONE,"false","false",1068.70101464241,"true",1,09:00,18:00,,,,,東京都中央区 日本橋兜町7 KABUTO ONE9F,ウィーワークカブトワン,3,1014,その他(WeWork等)
236,WeWork 神谷町トラストタワー,"false","false",2611.4020380578722,"true",1,09:00,20:00,,,,,東京都港区 虎ノ門4-1-1 23F,ウィーワークカミヤチョウトラストタワー,3,558,その他(WeWork等)
227,WeWork KANDA SQUARE,"false","false",1347.7449370436595,"true",1,09:00,18:00,,,,,東京都千代田区神田錦町 2-2-1 11F,ウィーワークカンダスクエア,3,522,その他(WeWork等)
220,WeWork 銀座シックス,"false","false",1282.215090581887,"true",1,09:00,18:00,,,,,東京都中央区 銀座6-10-1 13F,ウィーワークギンザシックス,3,530,その他(WeWork等)
239,WeWork グローバルゲート名古屋,"false","false",268074.341783807,"true",1,09:00,20:00,,,,,愛知県名古屋市中村区平池町 4-60-12 11F,ウィーワークグローバルゲートナゴヤ,3,564,その他(WeWork等)
228,WeWork KDX虎ノ門一丁目,"false","false",2013.4379667014957,"true",1,09:00,18:00,,,,,東京都港区 虎ノ門1-10-5 11F,ウィーワークケーディーエックストラノモンイッチョウメ,3,548,その他(WeWork等)
237,WeWork ゲイツ福岡,"false","false",888524.7373881311,"true",1,09:00,20:00,,,,,福岡県福岡市博多区 中洲3-7-24 11F,ウィーワークゲイツフクオカ,3,560,その他(WeWork等)
225,WeWork 麹町 (旧 WeWork 東急四谷),"false","false",3155.562652144088,"true",1,09:00,20:00,,,,,東京都千代田区麹町 6-6 5F,ウィーワークコウジマチ(キュウウィーワークトウキュウヨツヤ),3,544,その他(WeWork等)
241,WeWork 三宮プラザEAST,"false","false",430320.56871494174,"true",1,09:00,18:00,,,,,兵庫県神戸市中央区 磯上通7-1-5 10F,ウィーワークサンノミヤプラザイースト,3,568,その他(WeWork等)
206,WeWork 渋谷スクランブルスクエア,"false","false",6334.153207877416,"true",1,09:00,20:00,,,,,東京都渋谷区 渋谷2-24-1,ウィーワークシブヤスクランブルスクエア,3,481,その他(WeWork等)
238,WeWork 城山トラストタワー,"false","false",2611.4020380578722,"true",1,09:00,18:00,,,,,東京都東京都港区虎ノ門 4 -3-1 21F,ウィーワークシロヤマトラストタワー,3,562,その他(WeWork等)
219,WeWork 新橋,"false","false",2547.286814735369,"true",1,09:00,18:00,,,,,東京都港区 新橋 6-19-13,ウィーワークシンバシ,3,528,その他(WeWork等)
233,WeWork ジ アーガイル アオヤマ,"false","false",4760.931278322118,"true",1,09:00,18:00,,,,,東京都港区 北青山 2-14-4 6F,ウィーワークジアーガイルアオヤマ,3,542,その他(WeWork等)
235,WeWork JR仙台イーストゲートビル,"false","false",302999.4470684637,"true",1,09:00,18:00,,,,,宮城県仙台市宮城野区 榴岡1-1-1 JR仙台イーストゲートビル 2F,ウィーワークジェイアールセンダイイーストゲートビル,3,556,その他(WeWork等)
226,WeWork 神保町,"false","false",1801.3119076483358,"true",1,09:00,18:00,,,,,東京都千代田区神田神保町 2 - 11 - 15 2F,ウィーワークジンボウチョウ,3,546,その他(WeWork等)
242,WeWork 大名,"false","false",889677.646130937,"true",1,09:00,18:00,,,,,福岡県福岡市中央区 大名1-1-29,ウィーワークダイミョウ,3,570,その他(WeWork等)
229,WeWork Daiwa 晴海,"false","false",3233.8534878323017,"true",1,09:00,18:00,,,,,東京都中央区 晴海3-10-1 Daiwa晴海ビル 2F,ウィーワークダイワハルミ,3,550,その他(WeWork等)
230,WeWork TK池田山,"false","false",7132.463205783689,"true",1,09:00,18:00,,,,,東京都品川区 東五反田5-22-33,ウィーワークティーケーイケダヤマ,3,554,その他(WeWork等)
234,WeWork Dタワー西新宿,"false","false",7085.0578118846115,"true",1,09:00,18:00,,,,,東京都新宿区 西新宿 6-11-3 16F,ウィーワークディータワーニシシンジュク,3,552,その他(WeWork等)
222,WeWork 東京スクエアガーデン,"false","false",600.1136848709107,"true",1,09:00,18:00,,,,,東京都中央区 京橋3-1-1 14F,ウィーワークトウキョウスクエアガーデン,3,536,その他(WeWork等)
210,WeWork なんばスカイオ,"false","false",404591.5556935105,"true",1,09:00,18:00,,,,,大阪府大阪市中央区 難波5-1-60,ウィーワークナンバスカイオ,3,507,その他(WeWork等)
232,WeWork 日テレ四谷ビル,"false","false",2967.9707206173,"true",1,09:00,18:00,,,,,東京都千代田区麹町 5-3-23 1F,ウィーワークニッテレヨツヤビル,3,534,その他(WeWork等)
223,WeWork 乃木坂,"false","false",3916.5866132760093,"true",1,09:00,18:00,,,,,東京都港区 南青山1-24-3,ウィーワークノギザカ,3,538,その他(WeWork等)
205,WeWork ハレザ池袋,"false","false",7301.388819301838,"true",1,09:00,20:00,,,,,東京都豊島区 東池袋 1-18-1,ウィーワークハレザイケブクロ,3,477,その他(WeWork等)
231,WeWork 半蔵門PREX South,"false","false",2342.33776633067,"true",1,09:00,18:00,,,,,東京都千代田区麹町 2-5-1 2F,ウィーワークハンゾウモンプレックスサウス,3,526,その他(WeWork等)
221,WeWork 日比谷パークフロント,"false","false",1639.0558581444923,"true",1,09:00,18:00,,,,,東京都千代田区内幸町 2-1-6 19F,ウィーワークヒビヤパークフロント,3,532,その他(WeWork等)
384,WeWork 日比谷 FORT TOWER,"false","false",1739.2676090206064,"true",1,09:00,18:00,,,,,東京都港区 西新橋1-1-1 日比谷 FORT TOWER 10F,ウィーワークヒビヤフォートタワー,3,820,その他(WeWork等)
213,WeWork 丸の内北口,"false","false",302.22882286594154,"true",1,09:00,20:00,,,,,東京都千代田区 丸の内 1-6-5,ウィーワークマルノウチキタグチ,3,515,その他(WeWork等)
211,WeWork 御堂筋フロンティア,"false","false",403545.45272836176,"true",1,09:00,20:00,,,,,大阪府大阪市北区 曾根崎新地1-13-22,ウィーワークミドウスジフロンティア,3,509,その他(WeWork等)
224,WeWork メトロポリタンプラザ,"false","false",7384.495166837074,"true",1,09:00,18:00,,,,,東京都豊島区 西池袋 1-11-1 14F,ウィーワークメトロポリタンプラザ,3,540,その他(WeWork等)
240,WeWork LINKS UMEDA,"false","false",403674.4733953931,"true",1,09:00,18:00,,,,,大阪府大阪市北区大深町 1-1 8F,ウィーワークリンクスウメダ,3,566,その他(WeWork等)
207,WeWork リンクスクエア新宿,"false","false",5783.573715460716,"true",1,09:00,20:00,,,,,東京都渋谷区 千駄ケ谷5-27-5,ウィーワークリンクスクエアシンジュク,3,493,その他(WeWork等)
408,上野駅入谷改札外,"true","false",3781.1903966803056,"false",0,07:00,21:30,07:00,21:30,07:00,21:30,東京都台東区 上野 ７丁目 １－１ 上野駅,ウエノエキイリヤカイサツガイ,2,857,BOOTH
409,上野駅不忍改札外,"true","false",3783.2723465573204,"false",0,07:00,21:30,07:00,21:30,07:00,21:30,東京都台東区 上野 ７丁目 １－１ 上野駅,ウエノエキシノバズカイサツガイ,2,859,BOOTH
244,上野駅中央改札外,"true","false",3742.7155735260944,"false",0,07:00,21:30,07:00,21:30,07:00,21:30,東京都台東区 上野7丁目1-1,ウエノエキチュウオウカイサツガイ,2,446,BOOTH
410,上野駅中央改札外2階,"true","false",3778.6552306030376,"false",0,07:00,21:30,07:00,21:30,07:00,21:30,東京都台東区 上野 ７丁目 １ １,ウエノエキチュウオウカイサツガイニカイ,2,448,BOOTH
533,ウォーターズ竹芝,"true","false",2850.5391145557683,"false",0,08:00,18:30,,,,,東京都港区 海岸1-10-30 ウォーターズ竹芝,ウォーターズタケシバ,2,993,BOOTH
5,ecute立川3F JJ+T内※ブース内ビジネスコンテンツ無料実証実験中,"true","false",32025.530687989965,"false",0,10:00,21:30,10:00,21:00,10:00,21:00,東京都立川市 柴崎町 ３丁目 １ １,エキュートタチカワ3FJJ+Tナイ,2,21,BOOTH
428,越後湯沢駅改札外,"true","false",163617.9160353678,"false",0,07:00,21:30,07:00,21:30,07:00,21:30,新潟県南魚沼郡 湯沢町大字湯沢主水2427番地 越後湯沢駅,エチゴユザワエキカイサツガイ,2,883,BOOTH
531,恵比寿駅東口改札外,"true","false",6379.861252241165,"false",0,07:00,21:30,07:00,21:30,07:00,21:30,東京都渋谷区 恵比寿南1-5-5 恵比寿駅,エビスエキヒガシグチカイサツガイ,2,988,BOOTH
548,大阪ノースゲートビルディング 3Fエントランス,"true","false",403797.13998185284,"false",0,07:00,21:30,07:00,21:30,07:00,21:30,大阪府大阪市北区 梅田3-1-3 ノースゲートビルディング3階 大阪駅,オオサカノースゲートビルディングサンカイエントランス,2,1071,BOOTH
534,大崎駅改札内（Dila大崎付近）,"true","false",7642.138071120204,"false",0,07:00,21:30,07:00,21:30,07:00,21:30,東京都品川区 大崎1-21-4 大崎駅,オオサキエキカイサツナイ,2,994,BOOTH
62,大崎駅北改札内,"true","false",7641.80716353437,"false",0,07:00,21:30,07:00,21:30,07:00,21:30,東京都品川区 大崎 １丁目 ２１ ４,オオサキエキキタカイサツナイ,2,160,BOOTH
368,大船駅北改札外,"true","false",42194.85161766075,"false",0,07:00,21:30,07:00,21:30,07:00,21:30,神奈川県鎌倉市 大船 １丁目 １番１号 大船駅,オオフナエキキタカイサツガイ,2,806,BOOTH
398,大船駅南改札外,"true","false",42104.976633085724,"false",0,07:00,21:30,07:00,21:30,07:00,21:30,神奈川県鎌倉市 大船 １丁目 1-1 大船駅,オオフナエキミナミカイサツガイ,2,844,BOOTH
512,大甕駅改札内待合室,"true","false",120065.50702926208,"false",0,07:00,21:30,07:00,21:30,07:00,21:30,茨城県日立市 大甕町2-23-10 大甕駅,オオミカエキカイサツナイマチアイシツ,2,963,BOOTH
600,大宮駅改札外(えきたびマーケット内),"true","false",28120.9425113216,"false",0,10:00,20:45,10:00,20:45,10:00,20:45,埼玉県さいたま市大宮区 錦町630番地 大宮駅,オオミヤエキカイサツガイ(エキタビマーケットナイ),2,1102,BOOTH
70,大宮駅改札外(南改札側),"true","false",28035.045358316525,"false",0,07:00,21:30,07:00,21:30,07:00,21:30,埼玉県さいたま市 錦町 ６３０,オオミヤエキカイサツガイミナミカイサツガワ,2,178,BOOTH
69,大宮駅改札内(中央改札南),"true","false",28067.31088585529,"false",0,07:00,21:30,07:00,21:30,07:00,21:30,埼玉県さいたま市 錦町 大宮駅,オオミヤエキカイサツナイチュウオウカイサツミナミ,2,176,BOOTH
347,大宮駅新幹線北改札内,"true","false",28116.423074298447,"false",0,07:00,21:30,07:00,21:30,07:00,21:30,埼玉県さいたま市 錦町 630 大宮駅,オオミヤエキシンカンセンキタカイサツナイ,2,772,BOOTH
354,大宮ＪＰビルディング,"true","false",28045.75387124608,"false",0,07:30,19:45,,,,,埼玉県さいたま市大宮区桜木町 １丁目11-20,オオミヤジェービービルディング,2,770,BOOTH
439,御徒町駅北口改札外,"true","false",3026.865831787695,"false",0,07:00,21:30,07:00,21:30,07:00,21:30,東京都台東区 上野5-27-8 御徒町駅,オカチマチエキキタグチカイサツガイ,2,902,BOOTH
438,御徒町駅北口改札内,"true","false",3012.083424644148,"false",0,07:00,21:30,07:00,21:30,07:00,21:30,東京都台東区 上野5-27-8 御徒町駅,オカチマチエキキタグチカイサツナイ,2,901,BOOTH
547,岡山駅新幹線待合室内,"true","false",544485.795951423,"false",0,07:00,21:30,07:00,21:30,07:00,21:30,岡山県岡山市北区 駅元町１−１ 岡山駅,オカヤマエキシンカンセンマチアイシツナイ,2,1070,BOOTH
415,桶川駅改札外,"true","false",39685.08738733383,"false",0,07:00,21:30,07:00,21:30,07:00,21:30,埼玉県桶川市南 １丁目1-1 桶川駅,オケガワエキカイサツガイ,2,861,BOOTH
328,御茶ノ水駅お茶の水橋口改札内,"true","false",2055.413247908882,"false",0,07:00,21:30,07:00,21:30,07:00,21:30,東京都千代田区 神田駿河台2-6 御茶ノ水駅,オチャノミズエキオチャノミズバシグチカイサツナイ,2,912,BOOTH
385,小山駅在来線改札内,"true","false",70181.76205375587,"false",0,07:00,21:30,07:00,21:30,07:00,21:30,栃木県小山市城山町 3丁目22号,オヤマエキザイライセンカイサツナイ,2,775,BOOTH
348,小山駅新幹線改札内,"true","false",70198.5304690654,"false",0,07:00,21:30,07:00,21:30,07:00,21:30,栃木県小山市 城山町 3丁目 3番22号,オヤマエキシンカンセンカイサツナイ,2,774,BOOTH
64,海浜幕張駅改札内,"true","false",25232.18723001339,"false",0,07:00,21:30,07:00,21:30,07:00,21:30,千葉県千葉市 ひび野 ２丁目 １１０,カイヒンマクハリエキカイサツナイ,2,165,BOOTH
450,葛西臨海公園駅改札内,"true","false",9635.16703478538,"false",0,07:00,21:30,07:00,21:30,07:00,21:30,東京都江戸川区 臨海町6-3-5 葛西臨海公園駅,カサイリンカイコウエンエキカイサツナイ,2,920,BOOTH
422,鹿島田駅改札内,"true","false",16627.777266042518,"false",0,07:00,21:30,07:00,21:30,07:00,21:30,神奈川県川崎市幸区 鹿島田1-17-14 鹿島田駅,カシマダエキカイサツナイ,2,874,BOOTH
437,柏駅南口改札内,"true","false",27291.113515482273,"false",0,07:00,21:30,07:00,21:30,07:00,21:30,千葉県柏市 柏1-1-1 柏駅,カシワエキミナミグチカイサツナイ,2,900,BOOTH
256,Kashiwa grand～シェアオフィス＆コワーキングスペース～,"false","false",27329.85666724421,"true",1,08:30,21:00,10:00,20:00,10:00,20:00,千葉県柏市 末広町1-1 柏髙島屋ステーションモール新館 専門店12階,カシワグランドシェアオフィスアンドコワーキングスペース,3,596,その他(WeWork等)
543,金沢駅みどりの窓口内,"true","false",297786.1059336779,"false",0,07:00,20:00,07:00,20:00,07:00,20:00,石川県金沢市 木ノ新保町1-1 金沢駅,カナザワエキミドリノマドグチナイ,2,1066,BOOTH
520,鎌取駅改札内,"true","false",39630.406357688444,"false",0,07:00,21:30,07:00,21:30,07:00,21:30,千葉県千葉市緑区鎌取町 787-3 鎌取駅,カマトリエキカイサツナイ,2,973,BOOTH
403,鴨居駅改札内,"true","false",26145.777043285223,"false",0,07:00,21:30,07:00,21:30,07:00,21:30,神奈川県横浜市緑区鴨居 １丁目８番14号 鴨居駅,カモイエキカイサツナイ,2,851,BOOTH
99,軽井沢駅さわやかハット内,"true","false",125628.07053237999,"false",0,07:00,21:30,07:00,21:30,07:00,21:30,長野県軽井沢町 大字軽井沢 ７６１ 軽井沢駅,カルイザワエキサワヤカハットナイ,2,234,BOOTH
472,軽井沢観光会館,"false","false",126622.83531708487,"true",1,09:00,16:30,09:00,16:30,09:00,16:30,長野県北佐久郡軽井沢町 軽井沢739-2,カルイザワカンコウカイカン,3,955,その他(WeWork等)
107,軽井沢プリンスホテル イースト,"false","false",125367.54191590314,"true",0,08:00,19:00,08:00,19:00,08:00,19:00,長野県北佐久郡軽井沢町 軽井沢,カルイザワプリンスホテルイースト,3,246,ホテルシェアオフィス
243,Karuizawa Prince The Workation Core,"false","false",125786.58196528658,"true",1,08:00,20:00,08:00,20:00,08:00,20:00,長野県北佐久郡軽井沢町 軽井沢,カルイザワプリンスホテルイーストザワーケーションコア,3,572,その他(WeWork等)
16,川口駅改札外,"true","false",14096.897590334964,"false",0,07:00,21:30,07:00,21:30,07:00,21:30,埼玉県埼玉県川口市栄町3丁目 1-21,カワグチエキカイサツガイ,2,56,BOOTH
91,川越プリンスホテル,"false","false",36455.90564615851,"true",0,08:00,19:00,08:00,19:00,08:00,19:00,埼玉県川越市新富町 １丁目２２,カワゴエプリンスホテル,3,219,ホテルシェアオフィス
155,川崎駅中央北改札内,"true","false",17784.12997877196,"false",0,07:00,21:30,07:00,21:30,07:00,21:30,神奈川県川崎市幸区堀川町 川崎駅,カワサキエキチュウオウキタカイサツナイ,2,357,BOOTH
57,神田駅改札内(西口方面),"true","false",1230.801922488955,"false",0,07:00,21:30,07:00,21:30,07:00,21:30,東京都千代田区 鍛冶町 ２丁目 １３ ２６,カンダエキカイサツナイニシグチホウメン,2,760,BOOTH
319,神田駅北口改札外,"true","false",1234.87006337066,"false",0,07:00,21:30,07:00,21:30,07:00,21:30,東京都千代田区 鍛冶町2-12,カンダエキキタグチカイサツガイ,2,715,BOOTH
267,GALA湯沢,"false","false",166339.02801595596,"true",1,10:00,15:30,10:00,15:30,10:00,15:30,新潟県南魚沼郡湯沢町 湯沢１０３９−２,ガーラユザワ,3,618,その他(WeWork等)
405,北上駅西口改札外,"true","false",417207.84142102493,"false",0,07:00,21:30,07:00,21:30,07:00,21:30,岩手県北上市 大通り １丁目 １－２ 北上駅,キタカミエキニシグチカイサツガイ,2,855,BOOTH
345,北千住駅南改札外（改札横）,"true","false",8284.90460744605,"false",0,07:00,21:30,07:00,21:30,07:00,21:30,東京都足立区 千住旭町42-2,キタセンジュエキミナミカイサツガイカイサツヨコ,2,717,BOOTH
60,北千住駅南改札外（仲町出口）,"true","false",8288.42284870957,"false",0,07:00,21:30,07:00,21:30,07:00,21:30,東京都足立区 千住旭町 ４２ 北千住駅,キタセンジュエキミナミカイサツガイナカマチデグチ,2,155,BOOTH
459,北戸田駅改札外,"true","false",18860.285392206766,"false",0,07:00,21:30,07:00,21:30,07:00,21:30,埼玉県戸田市 新曽字芦原2004 北戸田駅,キタトダエキカイサツガイ,2,934,BOOTH
374,北府中駅改札外,"true","false",26662.93830730807,"false",0,07:00,21:30,07:00,21:30,07:00,21:30,東京都府中市 晴見町2-27-2 北府中駅,キタフチュウエキカイサツナイ,2,816,BOOTH
433,北松戸駅改札外,"true","false",18661.724469475666,"false",0,07:00,21:30,07:00,21:30,07:00,21:30,千葉県松戸市 上本郷905号 北松戸駅,キタマツドエキカイサツガイ,2,895,BOOTH
435,北与野駅改札外,"true","false",26375.22164730967,"false",0,07:00,21:30,07:00,21:30,07:00,21:30,埼玉県さいたま市 上落合2-3-1 北与野駅,キタヨノエキカイサツガイ,2,897,BOOTH
379,吉祥寺駅改札内,"true","false",17133.710947674008,"false",0,07:00,21:30,07:00,21:30,07:00,21:30,東京都武蔵野市吉祥寺南町 1-1-24,キチジョウジエキカイサツナイ,2,738,BOOTH
355,ＫＩＴＴＥ名古屋　地下1階,"true","false",267883.858065125,"false",0,07:30,21:30,07:30,21:30,07:30,21:30,愛知県名古屋市中村区名駅 １丁目1-1 ＪＰタワー名古屋,キッテナゴヤチカイチカイ,2,786,BOOTH
453,旧軽井沢 ホテル音羽ノ森,"false","false",126148.4157642996,"true",0,09:00,17:00,,,,,長野県北佐久郡軽井沢町 軽井沢1323-980,キュウカルイウザワホテルオトワノモリ,3,926,ホテルシェアオフィス
593,京都駅中央口みどりの窓口内,"true","false",372453.658684626,"false",0,07:00,20:45,07:00,20:45,07:00,20:45,京都府下京区 烏丸通塩小路下ル東塩小路町 京都駅,キョウトエキチュウオウグチミドリノマドグチナイ,2,1148,BOOTH
332,熊谷駅在来線改札外,"true","false",61144.19585303508,"false",0,07:00,21:30,07:00,21:30,07:00,21:30,埼玉県熊谷市 筑波 ２丁目 １１５,クマガヤエキザイライセンカイサツガイ,2,743,BOOTH
358,熊谷駅新幹線改札内 待合室,"true","false",61140.94617462804,"false",0,07:00,21:30,07:00,21:30,07:00,21:30,埼玉県熊谷市筑波2丁目 115,クマガヤエキシンカンセンカイサツナイ マチアイシツ,2,764,BOOTH
527,栗橋駅改札内,"true","false",50960.4586106616,"false",0,07:00,21:30,07:00,21:30,07:00,21:30,埼玉県久喜市 栗橋北 １-1-1 栗橋駅,クリハシエキカイサツガイ,2,981,BOOTH
197,ホテルグランヴィア大阪,"false","false",403750.3372263114,"true",0,08:00,18:00,08:00,18:00,08:00,18:00,大阪府大阪市北区 梅田3丁目1番1号,グランヴィアオオサカ,3,459,ホテルシェアオフィス
203,ホテルグランヴィア岡山,"false","false",544555.3290567553,"true",0,09:00,18:00,09:00,18:00,09:00,18:00,岡山県岡山市北区駅元町 １-5,グランヴィアオカヤマ,3,461,ホテルシェアオフィス
196,ホテルグランヴィア京都,"false","false",372408.2514743336,"true",0,08:00,18:00,08:00,18:00,08:00,18:00,京都府京都市下京区東塩小路町下ル JR京都駅中央口,グランヴィアキョウト,3,457,ホテルシェアオフィス
199,ホテルグランヴィア広島,"false","false",680108.5122917676,"true",0,08:00,18:00,08:00,18:00,08:00,18:00,広島県広島市南区松原町 1番5号,グランヴィアヒロシマ,3,463,ホテルシェアオフィス
200,ホテルグランヴィア和歌山,"false","false",447731.8778772998,"true",0,08:00,18:00,08:00,18:00,08:00,18:00,和歌山県和歌山市友田町 5-18,グランヴィアワカヤマ,3,467,ホテルシェアオフィス
183,ホテルグレイスリー浅草,"false","false",4089.9254615774853,"true",0,08:00,19:00,08:00,19:00,08:00,19:00,東京都台東区 雷門2-10-2,グレイスリーアサクサ,3,428,ホテルシェアオフィス
184,ホテルグレイスリー銀座,"false","false",1398.7730287343013,"true",0,08:00,19:00,08:00,19:00,08:00,19:00,東京都中央区 銀座7－10－1,グレイスリーギンザ,3,426,ホテルシェアオフィス
179,ホテルグレイスリー新宿,"false","false",6032.233389222928,"true",0,08:00,19:00,08:00,19:00,08:00,19:00,東京都新宿区歌舞伎町 １-１９-1,グレイスリーシンジュク,3,418,ホテルシェアオフィス
181,ホテルグレイスリー田町,"false","false",4399.330317184693,"true",0,08:00,19:00,08:00,19:00,08:00,19:00,東京都港区 芝浦3-8-1,グレイスリータマチ,3,422,ホテルシェアオフィス
350,検見川浜駅改札外,"true","false",26968.648054993893,"false",0,07:00,21:30,07:00,21:30,07:00,21:30,千葉県千葉市 真砂 ４丁目 ２,ケミガワハマエキカイサツガイ,2,778,BOOTH
381,甲府駅改札外,"true","false",108426.41652191637,"false",0,07:00,21:30,07:00,21:30,07:00,21:30,山梨県甲府市 丸の内1-1-8,コウフエキカイサツガイ,2,792,BOOTH
380,甲府駅改札内,"true","false",108419.0825665125,"false",0,07:00,21:30,07:00,21:30,07:00,21:30,山梨県甲府市 丸の内1-1-8,コウフエキカイサツナイ,2,791,BOOTH
592,神戸駅改札外,"true","false",432397.26933755894,"false",0,07:00,21:30,07:00,21:30,07:00,21:30,兵庫県神戸市中央区 相生町3丁目1番1号 神戸駅,コウベエキカイサツガイ,2,1147,BOOTH
68,郡山駅中央口改札外,"true","false",198546.59541739715,"false",0,07:00,21:30,07:00,21:30,07:00,21:30,福島県郡山市 燧田 １９５,コオリヤマエキチュウオウグチカイサツガイ,2,174,BOOTH
457,古河駅改札内,"true","false",57184.51480202678,"false",0,07:00,21:30,07:00,21:30,07:00,21:30,茨城県古河市本町 1-1-15,コガエキカイサツナイ,2,947,BOOTH
596,小倉駅新幹線改札内,"true","false",836818.1040368803,"false",0,07:00,21:30,07:00,21:30,07:00,21:30,福岡県北九州市 浅野1丁目1-1 小倉駅,コクラエキシンカンセンカイサツナイ,2,1152,BOOTH
458,越谷レイクタウン駅改札外,"true","false",22215.846714115163,"false",0,07:00,21:30,07:00,21:30,07:00,21:30,埼玉県越谷市レイクタウン 8－16,コシガヤレイクタウンエキカイサツガイ,2,948,BOOTH
456,小杉ビルディング,"true","false",15124.257616641708,"false",0,07:00,21:30,07:00,21:30,07:00,21:30,神奈川県川崎市中原区 小杉町1-403-60 小杉ビルディング,コスギビルディング,2,932,BOOTH
367,小机駅改札外,"true","false",24389.779375390608,"false",0,07:00,21:30,07:00,21:30,07:00,21:30,神奈川県横浜市港北区 小机町2534 小机駅,コヅクエエキカイサツガイ,2,804,BOOTH
419,cohako(勝田駅コワーキングスペース),"false","false",104540.94935720676,"true",1,07:00,19:00,,,,,茨城県ひたちなか市 勝田中央1-1,コハコカツタエキコワーキングスペース,3,868,その他(WeWork等)
622,COMPASS小倉(fabbit),"false","false",836377.7576142579,"true",1,09:00,18:00,,,,,福岡県北九州市小倉北区 浅野3丁目8番1号 AIM（アジア太平洋インポートマート）ビル6階,コンパスコクラ(ファビット),3,1213,その他(WeWork等)
318,五反田駅中央改札内,"true","false",7237.039232258707,"false",0,07:00,21:30,07:00,21:30,07:00,21:30,東京都品川区 東五反田1-26-2,ゴタンダエキチュウオウカイサツナイ,2,714,BOOTH
189,さいたま新都心合同庁舎1号館,"true","false",26321.80783361558,"false",0,08:00,19:30,,,,,埼玉県さいたま市 中央区新都心1番地１,サイタマシントシンゴウドウチョウチャイチゴウカン,2,442,BOOTH
515,佐久平駅プラザ佐久内,"true","false",134779.6784580341,"false",0,09:00,19:30,09:00,19:30,09:00,19:30,長野県佐久市 佐久平駅東1-1 プラザ佐久,サクダイラエキプラザサクナイ,2,968,BOOTH
429,札幌駅東コンコース北口側,"true","false",831451.0670591757,"false",0,07:00,21:30,07:00,21:30,07:00,21:30,北海道札幌市北区 北6条西4丁目 JR札幌駅,サッポロエキヒガシコンコースキタグチガワ,2,884,BOOTH
430,札幌ステラプレイス センター４F,"true","false",831369.4912166821,"false",0,10:15,20:00,10:15,20:00,10:15,20:00,北海道札幌市中央区 北5条西2丁目 札幌ステラプレイス センター４F,サッポロステラプレイス センター 4カイ,2,886,BOOTH
598,SADO PORT LOUNGE(佐渡市両津港ターミナル),"false","false",291517.1180861263,"true",1,08:30,19:00,08:30,19:00,08:30,19:00,新潟県佐渡市 両津湊353番地1 両津南埠頭ビル3F,サドポートラウンジ(サドシリョウツコウターミナル),3,1169,その他(WeWork等)
90,サンシャインシティプリンスホテル,"false","false",6830.964798207528,"true",0,08:00,19:00,08:00,19:00,08:00,19:00,東京都豊島区 東池袋３丁目１－５,サンシャインシティプリンスホテル,3,217,ホテルシェアオフィス
131,ホテルサンルートプラザ新宿,"false","false",6159.960301570839,"true",0,08:00,18:00,08:00,18:00,08:00,18:00,東京都渋谷区 代々木2-3-1,サンルートプラザシンジュク,3,297,ホテルシェアオフィス
469,THE CIRCLE KARUIZAWA(軽井沢),"false","false",126381.98470681428,"true",1,10:00,18:00,10:00,18:00,10:00,18:00,長野県北佐久郡軽井沢町 軽井沢473-7,ザサークルカルイザワ(カルイザワ),3,951,その他(WeWork等)
297,THE HUB青山WEST,"false","false",5778.6429422632345,"true",1,10:00,18:00,,,,,東京都渋谷区 渋谷1-1-3 アミーホール3F,ザハブアオヤマウェスト,3,672,その他(WeWork等)
302,THE HUB大阪江坂,"false","false",401874.23514666484,"true",1,10:00,18:00,,,,,大阪府吹田市 豊津町1-18 エクラート江坂ビル3F,ザハブオオサカエサカ,3,682,その他(WeWork等)
300,THE HUB大阪本町,"false","false",403647.07315064303,"true",1,10:00,18:00,,,,,大阪府大阪市中央区 南本町2-3-12 EDGE本町3F,ザハブオオサカホンマチ,3,678,その他(WeWork等)
305,THE HUB北大阪,"false","false",401905.7018876503,"true",1,10:00,18:00,,,,,大阪府吹田市 広芝町10-8,ザハブキタオオサカ,3,688,その他(WeWork等)
291,THE HUB麹町,"false","false",2719.4365748843907,"true",1,10:00,18:00,,,,,東京都千代田区 二番町9-3 THE BASE 麹町1F,ザハブコウジマチ,3,660,その他(WeWork等)
303,THE HUB四条烏丸,"false","false",371866.41518366756,"true",1,10:00,18:00,,,,,京都府京都市下京区上柳町 331 タカノハスクエア 3-4F,ザハブシジョウカラスマ,3,684,その他(WeWork等)
298,THE HUB渋谷,"false","false",6126.676546971756,"true",1,10:00,18:00,,,,,東京都渋谷区渋谷 3-6-2 エクラート渋谷4-5F,ザハブシブヤ,3,674,その他(WeWork等)
301,THE HUB心斎橋,"false","false",404154.6302895869,"true",1,10:00,18:00,,,,,大阪府大阪市中央区 南船場3-11-10 心斎橋大陽ビル B1F,ザハブシンサイバシ,3,680,その他(WeWork等)
295,THE HUB新宿,"false","false",5735.705048308353,"true",1,10:00,18:00,,,,,東京都新宿区 新宿4-3-15 レイフラット新宿B棟 3F,ザハブシンジュク,3,668,その他(WeWork等)
294,THE HUB新宿ワシントン,"false","false",6697.168802150099,"true",1,10:00,18:00,,,,,東京都新宿区 西新宿3-2-9 新宿ワシントンホテルビル本館 2F,ザハブシンジュクワシントン,3,666,その他(WeWork等)
293,THE HUB田町,"false","false",4146.084633599817,"true",1,10:00,18:00,,,,,東京都港区 芝5-32-12 シャーメゾンステージ田町 3-4F,ザハブタマチ,3,664,その他(WeWork等)
296,THE HUB東京ベイ有明ワシントン,"false","false",5922.152461368051,"true",1,10:00,18:00,,,,,東京都江東区 有明3-7-11 有明パークビル 20F,ザハブトウキョウベイアリアケワシントン,3,670,その他(WeWork等)
299,THE HUB名古屋丸の内,"false","false",266497.78936244664,"true",1,10:00,18:00,,,,,"愛知県名古屋市中区 丸の内2-17-13 NK丸の内ビル2,8F",ザハブナゴヤマルノウチ,3,676,その他(WeWork等)
292,THE HUB南青山,"false","false",4893.679243066145,"true",1,10:00,18:00,,,,,東京都港区 南青山3-8-40 青山センタービル 2F,ザハブミナミアオヤマ,3,662,その他(WeWork等)
212,THE BLOSSOM KUMAMOTO,"false","false",895284.1578952237,"true",0,08:00,18:00,08:00,18:00,08:00,18:00,熊本県熊本市西区 春日 3-15-26,ザブラッサムクマモト,3,513,ホテルシェアオフィス
160,THE BLOSSOM HAKATA Premier,"false","false",887940.8080236777,"true",0,08:00,18:00,08:00,18:00,08:00,18:00,福岡県福岡市博多区 博多駅前２丁目８−１２,ザブラッサムハカタプレミア,3,377,ホテルシェアオフィス
154,THE BLOSSOM HIBIYA,"false","false",1623.0749519627723,"true",0,08:00,18:00,08:00,18:00,08:00,18:00,東京都港区 新橋1-1-13,ザブラッサムヒビヤ,3,371,ホテルシェアオフィス
187,静鉄ホテルプレジオ東京田町,"false","false",4616.020533965611,"true",0,08:00,19:00,08:00,19:00,08:00,19:00,東京都港区 芝浦3-6-18,シズテツホテルプレジオトウキョウタマチ,3,434,ホテルシェアオフィス
87,品川プリンスホテル,"false","false",6535.301006953243,"true",0,08:00,19:00,08:00,19:00,08:00,19:00,東京都港区 高輪４丁目１０ー３０,シナガワプリンスホテル,3,211,ホテルシェアオフィス
524,信濃町駅改札外,"true","false",4169.495743010005,"false",0,07:00,21:30,07:00,21:30,07:00,21:30,東京都新宿区信濃町 34 信濃町駅,シナノマチエキカイサツガイ,2,977,BOOTH
321,渋谷駅新南改札外,"true","false",6307.099948736367,"false",0,07:00,21:30,07:00,21:30,07:00,21:30,東京都渋谷区 道玄坂1-1-1,シブヤエキシンミナミカイサツガイ,2,721,BOOTH
142,新青森駅新幹線改札外(待合室),"true","false",577044.5646009835,"false",0,07:00,21:30,07:00,21:30,07:00,21:30,青森県青森市石江高間 １３５－７ 新青森駅,シンアオモリエキシンカンセンカイサツガイマチアイシツナイ,2,325,BOOTH
65,新浦安駅改札内,"true","false",13699.348037989252,"false",0,07:00,21:30,07:00,21:30,07:00,21:30,千葉県浦安市 入船 １丁目 １ 新浦安駅,シンウラヤスエキカイサツナイ,2,168,BOOTH
463,新川崎駅改札外,"true","false",16759.511455255157,"false",0,07:00,21:30,07:00,21:30,07:00,21:30,神奈川県川崎市幸区 鹿島田1-2-1 新川崎駅,シンカワサキエキカイサツガイ,2,939,BOOTH
448,新木場駅改札内,"true","false",6706.867021119879,"false",0,07:00,21:30,07:00,21:30,07:00,21:30,東京都東京都江東区 新木場1-5 新木場駅,シンキバエキカイサツナイ,2,917,BOOTH
382,新検見川駅改札外,"true","false",27949.049981516055,"false",0,07:00,21:30,07:00,21:30,07:00,21:30,千葉県千葉市花見川区 南花園2-1-1,シンケミガワエキカイサツガイ,2,780,BOOTH
517,新小岩駅改札内,"true","false",9201.578223542483,"false",0,07:00,21:30,07:00,21:30,07:00,21:30,東京都葛飾区 新小岩1-5-1 新小岩駅,シンコイワエキカイサツナイ,2,970,BOOTH
273,新白河駅改札外,"true","false",164358.06154076164,"false",0,07:00,21:30,07:00,21:30,07:00,21:30,福島県西白河郡西郷村 小田倉字道南114,シンシラカワエキカイサツガイ,2,626,BOOTH
8,新宿駅甲州街道改札内※ブース内ビジネスコンテンツ無料実証実験中,"true","false",5993.657489756098,"false",0,07:00,21:30,07:00,21:30,07:00,21:30,東京都新宿区 新宿3-38-1 新宿駅,シンジュクエキコウシュウカイドウカイサツナイ,2,33,BOOTH
530,新宿駅東改札外 １F,"true","false",6024.669089592171,"false",0,07:00,21:30,07:00,21:30,07:00,21:30,東京都新宿区 新宿3-38-1 新宿駅,シンジュクエキヒガシカイサツガイ1カイ,2,984,BOOTH
88,新宿プリンスホテル,"false","false",6175.117957163193,"true",0,08:00,19:00,08:00,19:00,08:00,19:00,東京都新宿区歌舞伎町 １丁目３０－１,シンジュクプリンスホテル,3,213,ホテルシェアオフィス
356,新宿郵便局,"true","false",6402.538744564329,"false",0,07:00,21:30,07:00,21:30,07:00,21:30,東京都新宿区 西新宿 １丁目８－８ 新宿郵便局前,シンジュクユウビンキョク,2,771,BOOTH
180,新宿ワシントンホテル,"false","false",6645.348420403664,"true",0,08:00,19:00,08:00,19:00,08:00,19:00,東京都新宿区 西新宿３丁目２－9,シンジュクワシントンホテル,3,414,ホテルシェアオフィス
324,新習志野駅改札内,"true","false",22373.707998683552,"false",0,07:00,21:30,07:00,21:30,07:00,21:30,千葉県習志野市 茜浜 ２丁目 １-1,シンナラシノエキカイサツナイ,2,727,BOOTH
61,新橋駅汐留地下改札外,"true","false",1805.455647511469,"false",0,07:00,21:30,07:00,21:30,07:00,21:30,東京都港区新橋 ２-17 新橋駅,シンバシエキシオドメチカカイサツガイ,2,763,BOOTH
467,新三郷駅改札外,"true","false",21776.497317378267,"false",0,07:00,21:30,07:00,21:30,07:00,21:30,埼玉県三郷市 新三郷ららシティ２-４-1 新三郷駅,シンミサトエキカイサツガイ,2,945,BOOTH
89,新横浜プリンスホテル,"false","false",23176.820226532524,"true",0,08:00,19:00,08:00,19:00,08:00,19:00,神奈川県横浜市港北区 新横浜３丁目４,シンヨコハマプリンスホテル,3,215,ホテルシェアオフィス
473,JRイン千歳,"false","false",809967.9785269394,"true",0,12:00,20:00,12:00,20:00,12:00,20:00,北海道千歳市 末広6-4-4,ジェイアールインチトセ,3,957,ホテルシェアオフィス
113,JR恵比寿ビル1Fエントランス,"true","false",6358.517624181934,"false",0,08:00,20:00,,,,,東京都渋谷区恵比寿南 1-5-5 JR恵比寿ビル,ジェイアールエビスビル1Fエントランス,2,260,BOOTH
175,JR恵比寿ビル3Fエントランス,"true","false",6356.47508875637,"false",0,08:00,21:30,,,,,東京都渋谷区 恵比寿南1-5-5 JR恵比寿ビル,ジェイアールエビスビル3Fエントランス,2,262,BOOTH
454,JR川崎タワー オフィスエントランス受付横,"true","false",17999.860796468685,"false",0,07:00,21:30,07:00,21:30,07:00,21:30,神奈川県川崎市幸区 大宮町1-5 JRタワー川崎,ジェイアールカワサキタワーオフィスエントランスウケツケヨコ,2,928,BOOTH
587,JR川崎タワー オフィスエントランスエスカレーター下,"true","false",18003.04675258426,"false",0,07:00,21:30,07:00,21:30,07:00,21:30,神奈川県川崎市幸区 大宮町1-5 JR川崎タワー,ジェイアールカワサキタワーオフィスエントランスエスカレーターシタ,2,929,BOOTH
171,JR九州ステーションホテル小倉,"false","false",836807.6066831773,"true",0,08:00,18:00,08:00,18:00,08:00,18:00,福岡県北九州市小倉北区 浅野１丁目１−１,ジェイアールキュウシュウステーションホテルコクラ,3,393,ホテルシェアオフィス
158,JR九州ホテル ブラッサム博多中央,"false","false",887589.0684403413,"true",0,08:00,18:00,08:00,18:00,08:00,18:00,福岡県福岡市博多区 博多駅前２丁目２−１１,ジェイアールキュウシュウホテル,3,375,ホテルシェアオフィス
166,JR九州ホテル　小倉,"false","false",836890.4366031982,"true",0,08:00,18:00,08:00,18:00,08:00,18:00,福岡県北九州市小倉北区 浅野１丁目３−６,ジェイアールキュウシュウホテル,3,385,ホテルシェアオフィス
170,JR九州ホテル　鹿児島,"false","false",968431.2389686103,"true",0,08:00,18:00,08:00,18:00,08:00,18:00,鹿児島県鹿児島市 武１丁目１−２,ジェイアールキュウシュウホテルカゴシマ,3,391,ホテルシェアオフィス
168,JR九州ホテル　長崎,"false","false",967480.992827374,"true",0,08:00,18:00,08:00,18:00,08:00,18:00,長崎県長崎市尾上町 １−１,ジェイアールキュウシュウホテルナガサキ,3,387,ホテルシェアオフィス
163,JR九州ホテル ブラッサム大分,"false","false",797066.1803195755,"true",0,08:00,18:00,08:00,18:00,08:00,18:00,大分県大分市要町 １−１４,ジェイアールキュウシュウホテルブラッサムオオイタ,3,381,ホテルシェアオフィス
156,JR九州ホテル ブラッサム新宿,"false","false",6188.475282452059,"true",0,08:00,18:00,08:00,18:00,08:00,18:00,東京都渋谷区 代々木 ２丁目 ６ ２,ジェイアールキュウシュウホテルブラッサムシンジュク,3,373,ホテルシェアオフィス
164,JR九州ホテル ブラッサム那覇,"false","false",1557384.9939552085,"true",0,08:00,18:00,08:00,18:00,08:00,18:00,沖縄県那覇市 牧志２丁目１６−１,ジェイアールキュウシュウホテルブラッサムナハ,3,383,ホテルシェアオフィス
162,JR九州ホテル ブラッサム福岡,"false","false",887105.2578102623,"true",0,08:00,18:00,08:00,18:00,08:00,18:00,福岡県福岡市 博多区博多駅東 ２丁目 ２ ４−３０,ジェイアールキュウシュウホテルブラッサムフクオカ,3,379,ホテルシェアオフィス
169,JR九州ホテル　宮崎,"false","false",877118.1163877654,"true",0,08:00,18:00,08:00,18:00,08:00,18:00,宮崎県宮崎市錦町 １−１０,ジェイアールキュウシュウホテルミヤザキ,3,389,ホテルシェアオフィス
12,JR品川イーストビル2Fエントランス,"true","false",6272.3040688032015,"false",0,08:00,21:00,,,,,東京都港区港南 2-18-1 JR品川イーストビル,ジェイアールシナガワイーストビル2Fエントランス,2,45,BOOTH
111,JR新宿ミライナタワー2F,"true","false",5909.0646389453705,"false",0,07:00,20:30,,,,,東京都新宿区 新宿4-1-6 JR新宿ミライナタワー,ジェイアールシンジュクミライナタワー2F,2,254,BOOTH
591,JR新宿ミライナタワー 　５F オフィスロビー受付横,"true","false",5909.0646389453705,"false",0,07:00,20:30,,,,,東京都新宿区 新宿4-1-6 JR新宿ミライナタワー,ジェイアールシンジュクミライナタワー５カイオフィスロビー ウケツケヨコ,2,990,BOOTH
167,JR仙台イーストゲートビル１F,"true","false",303000.4585124965,"false",0,07:30,20:00,10:00,18:00,10:00,18:00,宮城県仙台市宮城野区 榴岡１丁目１−１ JR仙台イーストゲートビル,ジェイアールセンダイイーストゲートビル１F,2,368,BOOTH
278,JR東日本仙台支社ビル内１階,"true","false",302514.7871097146,"false",0,09:00,17:30,,,,,宮城県仙台市青葉区 五橋1丁目1-1,ジェイアールヒガシニホンセンダイシシャビルナイイチカイ,2,635,BOOTH
320,JR東日本東京支社ビル内,"true","false",6490.6366625658575,"false",0,09:00,18:00,,,,,東京都北区 東田端2-20-68 JR東日本東京支社ビル,ジェイアールヒガシニホントウキョウシシャビルナイ,2,719,BOOTH
161,JR東日本本社ビル内3階,"true","false",6068.977602004297,"false",0,07:30,18:00,,,,,東京都渋谷区 代々木２丁目２ JR東日本本社ビル,ジェイアールヒガシニホンホンシャビルナイサンカイ,2,364,BOOTH
455,JR横浜タワー,"true","false",27151.1042590573,"false",0,07:00,21:30,07:00,21:30,07:00,21:30,神奈川県横浜市西区 高島2-16-1 JR横浜タワー,ジェイアールヨコハマタワー,2,930,BOOTH
204,ジェクサー・eスポーツステーション　JR松戸駅店,"false","false",16723.193971604247,"true",1,09:00,21:30,09:00,21:30,09:00,21:30,千葉県松戸市 松戸1-1181,ジェクサーイースポーツステーションジェイアールマツドエキテン,3,511,その他(WeWork等)
159,JEXER大宮,"true","false",28467.392088241348,"false",0,07:30,20:00,08:30,19:00,08:30,19:00,埼玉県さいたま市 錦町 91-4,ジェクサーオオミヤ,2,362,BOOTH
143,JEXER新宿,"true","false",6091.673860341206,"false",0,10:00,21:00,10:00,19:00,10:00,19:00,東京都渋谷区代々木２丁目 １−５ ＪＲ南新宿ビル 1F,ジェクサーシンジュク,2,327,BOOTH
357,水道橋駅西口改札内,"true","false",2583.8018092501243,"false",0,07:00,21:30,07:00,21:30,07:00,21:30,東京都千代田区三崎町 2－22－1,スイドウバシエキニシグチカイサツナイ,2,734,BOOTH
327,水道橋駅東口改札外,"true","false",2596.830010683876,"false",0,07:00,21:30,07:00,21:30,07:00,21:30,東京都千代田区 三崎町 2－22－1,スイドウバシエキヒガシグチカイサツガイ,2,733,BOOTH
188,STATION SWITCH セレオ八王子店,"false","false",38786.28150628244,"true",1,10:00,21:30,10:00,21:30,10:00,21:30,東京都八王子市旭町 1-1,ステーションスイッチセレオハチオウジテン,3,440,その他(WeWork等)
22,STATION SWITCH 横浜,"false","false",27079.857859109983,"true",1,12:00,21:30,09:00,20:30,09:00,20:30,神奈川県横浜市西区 南幸1-1-1,ステーションスイッチヨコハマ,3,68,その他(WeWork等)
105,STATION CONFERENCE東京,"false","false",337.97244292290975,"true",1,09:00,18:00,,,,,東京都千代田区 丸の内1-7-12 サピアタワー4階,ステーションデスクコンファレンストウキョウ,3,242,その他(WeWork等)
217,STATION DESK 東京 premium,"false","true",180.31700222369412,"false",0,10:00,18:00,10:00,18:00,10:00,18:00,東京都千代田区 丸の内一丁目9番1号 JR東京駅八重洲中央口１階,ステーションデスクトウキョウプレミアム,3,520,DESK
10,STATION DESK 東京丸の内,"false","true",182.54541586301252,"false",0,07:30,21:00,07:30,21:00,07:30,21:00,東京都千代田区 丸の内,ステーションデスクトウキョウマルノウチ,3,41,DESK
106,STATION DESK西国分寺,"false","true",27297.89608179269,"false",0,07:30,21:00,07:30,21:00,07:30,21:00,東京都国分寺市 西恋ケ窪2-1-18 西国分寺駅,ステーションデスクニシコクブンジ,3,244,DESK
174,STATION DESK三鷹(下りホーム),"false","true",18744.031317032764,"false",0,07:30,21:00,07:30,21:00,07:30,21:00,東京都三鷹市 下連雀3-46-1 三鷹駅,ステーションデスクミタカクダリホーム,3,399,DESK
173,STATION DESK三鷹(上りホーム),"false","true",18732.992212849676,"false",0,07:30,21:00,07:30,21:00,07:30,21:00,東京都三鷹市 下連雀3-46-1 三鷹駅,ステーションデスクミタカノボリホーム,3,397,DESK
31,STATION DESK横浜,"false","true",27288.7446377794,"false",0,07:30,21:00,07:30,21:00,07:30,21:00,神奈川県横浜市西区 高島2-16-1 JR横浜駅構内 エキュートエディション横浜,ステーションデスクヨコハマ,3,86,DESK
289,スマイルホテル巣鴨,"false","false",6407.880225748766,"true",0,08:00,18:00,08:00,18:00,08:00,18:00,東京都豊島区 巣鴨2-4-7,スマイルホテルスガモ,3,656,ホテルシェアオフィス
290,スマイルホテル日本橋三越前,"false","false",1034.1386072313153,"true",0,08:00,19:00,08:00,19:00,08:00,19:00,東京都中央区 日本橋本町1-4-14,スマイルホテルニホンバシミツコシマエ,3,658,ホテルシェアオフィス
418,晴耕雨読（日立市）,"false","false",124258.31720439224,"true",1,10:00,19:00,,,,,茨城県日立市 多賀町1-12-24 鈴木第三ビル,セイコウウドクヒタチシ,3,866,その他(WeWork等)
276,西武 国分寺駅改札内,"true","false",25998.15131950013,"false",0,07:00,21:00,07:00,21:00,07:00,21:00,東京都国分寺市 本町2-1-23,セイブ コクブンジエキ カイサツナイ,2,631,BOOTH
277,西武 高田馬場駅(のりかえ改札※JR側),"true","false",6653.404576069479,"false",0,07:00,21:00,07:00,21:00,07:00,21:00,東京都新宿区 高田馬場1-35-2,セイブ タカダノババエキノリカエカイサツジェイアールガワ,2,633,BOOTH
407,西武 多磨駅改札内,"true","false",22579.991798111678,"false",0,07:00,21:00,07:00,21:00,07:00,21:00,東京都府中市 紅葉丘3-42-2,セイブ タマエキカイサツナイ,2,789,BOOTH
275,西武 武蔵境駅改札内,"true","false",20307.408986098708,"false",0,07:00,21:00,07:00,21:00,07:00,21:00,東京都武蔵野市 境南町2-1-12,セイブ ムサシサカイエキカイサツナイ,2,630,BOOTH
15,仙台駅在来線中央口改札内,"true","false",303038.2029339266,"false",0,07:00,21:30,07:00,21:30,07:00,21:30,宮城県仙台市青葉区 中央一丁目,センダイエキザイライセンチュウオウグチカイサツナイ,2,54,BOOTH
14,仙台駅新幹線中央口改札内,"true","false",303033.8712813383,"false",0,07:00,21:30,07:00,21:30,07:00,21:30,宮城県仙台市青葉区 中央一丁目,センダイエキシンカンセンチュウオウグチカイサツナイ,2,52,BOOTH
352,蘇我駅改札内,"true","false",34845.752858294625,"false",0,07:00,21:30,07:00,21:30,07:00,21:30,千葉県千葉市 今井 ２丁目 50-2,ソガエキカイサツナイ,2,782,BOOTH
371,高尾駅北口改札外,"true","false",44108.85981306198,"false",0,07:00,21:30,07:00,21:30,07:00,21:30,東京都八王子市 高尾1201-2 高尾駅,タカオエキキタグチカイサツガイ,2,813,BOOTH
140,高崎駅イーサイト高崎２F,"true","false",98327.5621723569,"false",0,11:15,20:00,11:15,20:00,11:15,20:00,群馬県高崎市 八島町 高崎駅,タカサキエキイーサイトタカサキ２F,2,321,BOOTH
11,高輪ゲートウェイ駅改札外 スターバックス コーヒー内,"true","false",5532.995554151847,"false",0,07:00,21:30,07:00,21:30,07:00,21:30,東京都港区港南 二丁目10-145,タカナワゲートウェイエキカイサツガイ スターバックスコーヒーテンナイ,2,43,BOOTH
546,タス２階（山形県長井市）,"true","false",269700.2239537665,"false",0,07:00,21:30,07:00,21:30,07:00,21:30,山形県長井市 館町北6-27 タスビル,タスニカイ（ヤマガタケンナガイシ）,2,1069,BOOTH
190,立川地方合同庁舎,"true","false",32061.85573602526,"false",0,08:00,19:00,,,,,東京都立川市 緑町4-2,タチカワチホウゴウドウチョウシャ,2,444,BOOTH
436,田端駅北口改札内,"true","false",6343.049978504863,"false",0,07:00,21:30,07:00,21:30,07:00,21:30,東京都北区東田端 1-17-1,タバタエキキタグチカイサツナイ,2,899,BOOTH
149,ダイワロイネットホテル池袋東口,"false","false",7125.5796384170535,"true",0,08:00,19:00,08:00,19:00,08:00,19:00,東京都豊島区 南池袋１丁目２０−８,ダイワロイネットホテルイケブクロヒガシグチ,3,345,ホテルシェアオフィス
337,ダイワロイネットホテル大分,"false","false",796762.1315210796,"true",0,08:00,19:00,08:00,19:00,08:00,19:00,大分県大分市 荷揚町2-3,ダイワロイネットホテルオオイタ,3,750,ホテルシェアオフィス
254,ダイワロイネットホテル大阪上本町,"false","false",403038.3865952409,"true",0,08:00,19:00,08:00,19:00,08:00,19:00,大阪府大阪市天王寺区 上本町6丁目7-5,ダイワロイネットホテルオオサカウエホンマチ,3,592,ホテルシェアオフィス
251,ダイワロイネットホテル大阪北浜,"false","false",403284.3941631706,"true",0,08:00,18:00,08:00,18:00,08:00,18:00,大阪府大阪市中央区 高麗橋2-2-14,ダイワロイネットホテルオオサカキタハマ,3,586,ホテルシェアオフィス
248,ダイワロイネットホテル大阪新梅田,"false","false",404448.29849909566,"true",0,08:00,19:00,08:00,19:00,08:00,19:00,大阪府大阪市福島区 福島6-16-1,ダイワロイネットホテルオオサカシンウメダ,3,580,ホテルシェアオフィス
249,ダイワロイネットホテル大阪新梅田アネックス,"false","false",404797.5880000617,"true",0,08:00,19:00,08:00,19:00,08:00,19:00,大阪府大阪市福島区 福島6-16-6,ダイワロイネットホテルオオサカシンウメダアネックス,3,582,ホテルシェアオフィス
252,ダイワロイネットホテル大阪心斎橋,"false","false",404125.4724878285,"true",0,08:00,19:00,08:00,19:00,08:00,19:00,大阪府大阪市中央区 南船場3-9-8,ダイワロイネットホテルオオサカシンサイバシ,3,588,ホテルシェアオフィス
250,ダイワロイネットホテル大阪東天満,"false","false",402259.85406113294,"true",0,08:00,19:00,08:00,19:00,08:00,19:00,大阪府大阪市北区 東天満2-6-3,ダイワロイネットホテルオオサカヒガシテンマン,3,584,ホテルシェアオフィス
288,ダイワロイネットホテル岡山駅前,"false","false",544280.0994644974,"true",0,08:00,19:00,08:00,19:00,08:00,19:00,岡山県岡山市北区 駅前町1-1-1,ダイワロイネットホテルオカヤマエキマエ,3,654,ホテルシェアオフィス
338,ダイワロイネットホテル沖縄県庁前,"false","false",1558489.7987162103,"true",0,08:00,19:00,08:00,19:00,08:00,19:00,沖縄県那覇市 泉崎1-11-2,ダイワロイネットホテルオキナワケンチョウマエ,3,752,ホテルシェアオフィス
284,ダイワロイネットホテル金沢,"false","false",297637.95066921256,"true",0,08:00,19:00,08:00,19:00,08:00,19:00,石川県金沢市 堀川新町2-20,ダイワロイネットホテルカナザワ,3,646,ホテルシェアオフィス
286,ダイワロイネットホテル金沢駅西口,"false","false",297951.86339647317,"true",0,09:00,18:00,09:00,18:00,09:00,18:00,石川県金沢市 広岡1-12-17,ダイワロイネットホテルカナザワエキニシグチ,3,650,ホテルシェアオフィス
285,ダイワロイネットホテル金沢MIYABI,"false","false",297962.67814036715,"true",0,08:00,19:00,08:00,19:00,08:00,19:00,石川県金沢市 広岡1-3-37,ダイワロイネットホテルカナザワミヤビ,3,648,ホテルシェアオフィス
145,ダイワロイネットホテル 川崎,"false","false",17960.593680674323,"true",0,08:00,20:00,08:00,20:00,08:00,20:00,神奈川県神奈川県川崎市川崎区砂子 ２丁目６−１５,ダイワロイネットホテルカワサキ,3,341,ホテルシェアオフィス
246,ダイワロイネットホテル京都駅前,"false","false",372301.1600970486,"true",0,08:00,19:00,08:00,19:00,08:00,19:00,京都府京都市下京区 烏丸通七条下る東塩小路町707-2,ダイワロイネットホテルキョウトエキマエ,3,576,ホテルシェアオフィス
263,ダイワロイネットホテル京都グランデ,"false","false",372080.02914636844,"true",0,08:00,19:00,08:00,19:00,08:00,19:00,京都府京都市南区東九条西岩本町 15,ダイワロイネットホテルキョウトグランデ,3,610,ホテルシェアオフィス
245,ダイワロイネットホテル京都四条烏丸,"false","false",371929.438562063,"true",0,08:00,19:00,08:00,19:00,08:00,19:00,京都府京都市下京区 烏丸通仏光寺下ル大政所町678,ダイワロイネットホテルキョウトシジョウカラスマ,3,574,ホテルシェアオフィス
247,ダイワロイネットホテル京都テラス八条東口,"false","false",372207.9821005556,"true",0,08:00,19:00,08:00,19:00,08:00,19:00,京都府京都市南区 東九条東山王町14-1,ダイワロイネットホテルキョウトテラスハチジョウヒガシグチ,3,578,ホテルシェアオフィス
262,ダイワロイネットホテル京都八条口,"false","false",372404.2424981313,"true",0,08:00,19:00,08:00,19:00,08:00,19:00,京都府京都市南区東九条北烏丸町 9-2,ダイワロイネットホテルキョウトハチジョウグチ,3,608,ホテルシェアオフィス
279,ダイワロイネットホテル岐阜,"false","false",274229.3814172531,"true",0,08:00,20:00,08:00,20:00,08:00,20:00,岐阜県岐阜市 神田町8-5,ダイワロイネットホテルギフ,3,636,ホテルシェアオフィス
139,ダイワロイネットホテル銀座,"false","false",927.2014769269891,"true",0,08:00,19:00,08:00,19:00,08:00,19:00,東京都中央区 銀座1丁目13-15,ダイワロイネットホテルギンザ,3,323,ホテルシェアオフィス
336,ダイワロイネットホテル熊本,"false","false",893250.2101617127,"true",0,08:00,18:00,08:00,18:00,08:00,18:00,熊本県熊本市中央区 花畑町10-22,ダイワロイネットホテルクマモト,3,748,ホテルシェアオフィス
265,ダイワロイネットホテル神戸三宮,"false","false",430192.91979267384,"true",0,08:00,19:00,08:00,19:00,08:00,19:00,兵庫県神戸市中央区 御幸通5-1-6,ダイワロイネットホテルコウベサンノミヤ,3,614,ホテルシェアオフィス
312,ダイワロイネットホテル小倉駅前,"false","false",836993.8417982563,"true",0,08:00,18:00,08:00,18:00,08:00,18:00,福岡県北九州市小倉北区 魚町1-5-14,ダイワロイネットホテルコクラエキマエ,3,704,ホテルシェアオフィス
255,ダイワロイネットホテル堺東,"false","false",409291.7438380915,"true",0,08:00,19:00,08:00,19:00,08:00,19:00,大阪府堺市堺区 新町5-13,ダイワロイネットホテルサカイヒガシ,3,594,ホテルシェアオフィス
148,ダイワロイネットホテル新橋,"false","false",1655.254453849829,"true",0,08:00,19:00,08:00,19:00,08:00,19:00,東京都港区 新橋 1-17-2,ダイワロイネットホテルシンバシ,3,343,ホテルシェアオフィス
151,ダイワロイネットホテル新横浜,"false","false",23220.98903882668,"true",0,08:00,20:00,08:00,20:00,08:00,20:00,神奈川県神奈川県横浜市港北区新横浜 ３丁目１７−１,ダイワロイネットホテルシンヨコハマ,3,351,ホテルシェアオフィス
311,ダイワロイネットホテル高松,"false","false",542427.5126265921,"true",0,08:00,19:00,08:00,19:00,08:00,19:00,香川県高松市 丸亀町8-23,ダイワロイネットホテルタカマツ,3,702,ホテルシェアオフィス
144,ダイワロイネットホテル千葉駅前,"false","false",32636.96066260985,"true",0,08:00,19:00,08:00,19:00,08:00,19:00,千葉県千葉市中央区 富士見1-1-14,ダイワロイネットホテルチバエキマエ,3,331,ホテルシェアオフィス
150,ダイワロイネットホテル千葉中央,"false","false",32959.21612283685,"true",0,08:00,19:00,08:00,19:00,08:00,19:00,千葉県千葉市中央区本千葉町2-11,ダイワロイネットホテルチバチュウオウ,3,353,ホテルシェアオフィス
141,ダイワロイネットホテル東京赤羽,"false","false",11401.781140661918,"true",0,08:00,19:00,08:00,19:00,08:00,19:00,東京都北区 赤羽南1丁目9-13,ダイワロイネットホテルトウキョウアカバネ,3,329,ホテルシェアオフィス
146,ダイワロイネットホテル東京有明,"false","false",5716.4379887073965,"true",0,08:00,19:00,08:00,19:00,08:00,19:00,東京都江東区 有明３丁目７−３,ダイワロイネットホテルトウキョウアリアケ,3,333,ホテルシェアオフィス
147,ダイワロイネットホテル東京大崎,"false","false",7876.173177895771,"true",0,08:00,19:00,08:00,19:00,08:00,19:00,東京都品川区大崎２丁目１−３,ダイワロイネットホテルトウキョウオオサキ,3,335,ホテルシェアオフィス
137,ダイワロイネットホテル東京京橋,"false","false",598.1710541392863,"true",0,08:00,19:00,08:00,19:00,08:00,19:00,東京都中央区 京橋2丁目8-20,ダイワロイネットホテルトウキョウキョウバシ,3,317,ホテルシェアオフィス
309,ダイワロイネットホテル徳島駅前,"false","false",508917.0458824365,"true",0,08:00,19:00,08:00,19:00,08:00,19:00,徳島県徳島市 寺島本町東3-8,ダイワロイネットホテルトクシマエキマエ,3,698,ホテルシェアオフィス
280,ダイワロイネットホテル富山,"false","false",255377.93100287855,"true",0,08:00,19:00,08:00,19:00,08:00,19:00,富山県富山市 荒町6-1,ダイワロイネットホテルトヤマ,3,638,ホテルシェアオフィス
281,ダイワロイネットホテル富山駅前,"false","false",255819.29162670442,"true",0,08:00,19:00,08:00,19:00,08:00,19:00,富山県富山市 桜町1-3-1,ダイワロイネットホテルトヤマエキ,3,640,ホテルシェアオフィス
260,ダイワロイネットホテル名古屋駅前,"false","false",267746.9141110517,"true",0,09:00,19:00,09:00,19:00,09:00,19:00,愛知県名古屋市中村区 名駅南1-23-20,ダイワロイネットホテルナゴヤエキマエ,3,604,ホテルシェアオフィス
261,ダイワロイネットホテル名古屋新幹線口,"false","false",268219.5633651434,"true",0,09:00,19:00,09:00,19:00,09:00,19:00,愛知県名古屋市中村区椿町 1-23,ダイワロイネットホテルナゴヤシンカンセングチ,3,606,ホテルシェアオフィス
259,ダイワロイネットホテル名古屋太閤通口,"false","false",268182.9754957452,"true",0,08:00,19:00,08:00,19:00,08:00,19:00,愛知県名古屋市中村区椿町 18-10,ダイワロイネットホテルナゴヤタイコウドオリグチ,3,602,ホテルシェアオフィス
257,ダイワロイネットホテル名古屋納屋橋,"false","false",267089.85425046616,"true",0,08:00,19:00,08:00,19:00,08:00,19:00,愛知県名古屋市中区 栄1-2-27,ダイワロイネットホテルナゴヤナヤバシ,3,598,ホテルシェアオフィス
258,ダイワロイネットホテル名古屋伏見,"false","false",266749.3940392374,"true",0,08:00,19:00,08:00,19:00,08:00,19:00,愛知県名古屋市中区 栄1-5-21,ダイワロイネットホテルナゴヤフシミ,3,600,ホテルシェアオフィス
340,ダイワロイネットホテル那覇おもろまち,"false","false",1556417.5044739747,"true",0,08:00,19:00,08:00,19:00,08:00,19:00,沖縄県那覇市 おもろまち１-１-12,ダイワロイネットホテルナハオモロマチ,3,756,ホテルシェアオフィス
339,ダイワロイネットホテル那覇国際通り,"false","false",1556941.5326353915,"true",0,08:00,19:00,08:00,19:00,08:00,19:00,沖縄県那覇市安里 安里2-1-1,ダイワロイネットホテルナハコクサイドオリ,3,754,ホテルシェアオフィス
287,ダイワロイネットホテル奈良,"false","false",376403.57240136946,"true",0,08:00,19:00,08:00,19:00,08:00,19:00,奈良県奈良市 三条本町11-12,ダイワロイネットホテルナラ,3,652,ホテルシェアオフィス
172,ダイワロイネットホテル西新宿,"false","false",7130.476468677164,"true",0,08:00,19:00,08:00,19:00,08:00,19:00,東京都新宿区 西新宿6-12-39,ダイワロイネットホテルニシシンジュク,3,395,ホテルシェアオフィス
283,ダイワロイネットホテルぬまづ,"false","false",104191.32721995871,"true",0,08:00,19:00,08:00,19:00,08:00,19:00,静岡県沼津市 大手町1-1-4 プラサヴェルデ,ダイワロイネットホテルヌマヅ,3,644,ホテルシェアオフィス
314,ダイワロイネットホテル博多祇園,"false","false",887858.7172490789,"true",0,08:00,21:00,08:00,21:00,08:00,21:00,福岡県福岡市博多区 祇園町1-24,ダイワロイネットホテルハカタギオン,3,708,ホテルシェアオフィス
315,ダイワロイネットホテル博多冷泉,"false","false",887988.781192468,"true",0,08:00,20:00,08:00,20:00,08:00,20:00,福岡県福岡市博多区 冷泉町2-7,ダイワロイネットホテルハカタレイセン,3,710,ホテルシェアオフィス
282,ダイワロイネットホテル浜松,"false","false",214565.5198763429,"true",0,08:00,19:00,08:00,19:00,08:00,19:00,静岡県浜松市中区 旭町9-1,ダイワロイネットホテルハママツ,3,642,ホテルシェアオフィス
266,ダイワロイネットホテル姫路,"false","false",471267.50722261786,"true",0,08:00,19:00,08:00,19:00,08:00,19:00,兵庫県姫路市駅前町 353,ダイワロイネットホテルヒメジ,3,616,ホテルシェアオフィス
308,ダイワロイネットホテル広島,"false","false",682209.2189835805,"true",0,08:00,19:00,08:00,19:00,08:00,19:00,広島県広島市中区 国泰寺町１-３-20,ダイワロイネットホテルヒロシマ,3,696,ホテルシェアオフィス
307,ダイワロイネットホテル広島駅前,"false","false",680104.2509439333,"true",0,08:00,19:00,08:00,19:00,08:00,19:00,広島県広島市東区 二葉の里3-5-7,ダイワロイネットホテルヒロシマエキマエ,3,694,ホテルシェアオフィス
313,ダイワロイネットホテル福岡西中洲,"false","false",888640.060509562,"true",0,08:00,20:00,08:00,20:00,08:00,20:00,福岡県福岡市中央区 西中洲1-9,ダイワロイネットホテルフクオカニシナカス,3,706,ホテルシェアオフィス
306,ダイワロイネットホテル福山駅前,"false","false",598751.1915515364,"true",0,08:00,19:00,08:00,19:00,08:00,19:00,広島県福山市 三之丸町2-16,ダイワロイネットホテルフクヤマエキマエ,3,692,ホテルシェアオフィス
310,ダイワロイネットホテル松山,"false","false",671945.769309918,"true",0,08:00,19:00,08:00,19:00,08:00,19:00,愛媛県松山市 一番町2-6-5,ダイワロイネットホテルマツヤマ,3,700,ホテルシェアオフィス
153,ダイワロイネットホテル横浜関内,"false","false",29028.73147119002,"true",0,08:00,20:00,08:00,20:00,08:00,20:00,神奈川県横浜市中区 羽衣町２丁目７−４,ダイワロイネットホテルヨコハマカンナイ,3,347,ホテルシェアオフィス
152,ダイワロイネットホテル横浜公園,"false","false",28692.566128625487,"true",0,08:00,20:00,08:00,20:00,08:00,20:00,神奈川県横浜市中区山下町 204-1,ダイワロイネットホテルヨコハマコウエン,3,355,ホテルシェアオフィス
253,ダイワロイネットホテル四ツ橋,"false","false",404550.9121658013,"true",0,08:00,18:00,08:00,18:00,08:00,18:00,大阪府大阪市西区 新町1-10-12,ダイワロイネットホテルヨツヤバシ,3,590,ホテルシェアオフィス
264,ダイワロイネットホテル和歌山,"false","false",449289.53773905477,"true",0,08:00,19:00,08:00,19:00,08:00,19:00,和歌山県和歌山市 七番丁 26-1,ダイワロイネットホテルワカヤマ,3,612,ホテルシェアオフィス
72,千葉駅中央改札内,"true","false",32338.324001132783,"false",0,07:00,21:30,07:00,21:30,07:00,21:30,千葉県千葉市 新千葉 １丁目 １ 千葉,チバエキチュウオウカイサツナイ,2,183,BOOTH
383,千葉みなと駅改札内,"true","false",31554.615770955035,"false",0,07:00,21:30,07:00,21:30,07:00,21:30,千葉県千葉市中央区 中央港1-1-1,チバミナトエキカイサツナイ,2,784,BOOTH
326,津田沼駅改札内,"true","false",23021.631490006774,"false",0,07:00,21:30,07:00,21:30,07:00,21:30,千葉県習志野市津田沼一丁目 １番１号,ツダヌマエキカイサツナイ,2,731,BOOTH
376,土浦駅改札外,"true","false",59328.12610009617,"false",0,07:00,21:30,07:00,21:30,07:00,21:30,茨城県土浦市 有明町1-30 土浦駅,ツチウラエキカイサツガイ ジユウツウロ,2,818,BOOTH
426,燕三条駅改札外,"true","false",230427.03062691898,"false",0,07:00,21:30,07:00,21:30,07:00,21:30,新潟県三条市 大字下須頃497 燕三条駅,ツバメサンジョウエキカイサツガイ,2,881,BOOTH
400,鶴見駅東口改札外,"true","false",20860.347055526767,"false",0,07:00,21:30,07:00,21:30,07:00,21:30,神奈川県横浜市鶴見区 鶴見中央１-1-1 鶴見駅,ツルミエキヒガシグチカイサツガイ,2,846,BOOTH
447,天王台駅改札内,"true","false",32660.233348060676,"false",0,07:00,21:30,07:00,21:30,07:00,21:30,千葉県我孫子市柴崎台 1-19-1,テンノウダイエキカイサツナイ,2,916,BOOTH
6,東京駅改札内 総武地下4F(新日本橋側)※ブース内ビジネスコンテンツ無料実証実験中,"true","false",130.6156643771883,"false",0,07:00,21:30,07:00,21:30,07:00,21:30,東京都千代田区 丸の内 １丁目 ６ ４,トウキョウエキカイサツナイ ソウブチキ4Fシンニホンバシガワ,2,26,BOOTH
7,東京駅改札内 総武地下4F(新橋側)※ブース内ビジネスコンテンツ無料実証実験中,"true","false",113.00879742865762,"false",0,07:00,21:30,07:00,21:30,07:00,21:30,東京都千代田区 丸の内 １丁目 ６ ６,トウキョウエキカイサツナイ ソウブチキ4Fシンバシガワ,2,30,BOOTH
420,東京国税局,"true","false",1841.5708621103727,"false",0,08:15,17:45,,,,,東京都中央区 築地5-3-1 築地市場駅,トウキョウコクゼイキョク,2,870,BOOTH
186,東京ベイ有明ワシントンホテル,"false","false",5892.486243086026,"true",0,08:00,17:00,08:00,17:00,08:00,17:00,東京都江東区 有明3－7－11,トウキョウベイアリアケワシントンホテル,3,432,ホテルシェアオフィス
603,徳山駅新幹線改札内,"true","false",750032.3778108815,"false",0,07:00,21:30,07:00,21:30,07:00,21:30,山口県周南市 御幸通り２丁目２８番 徳山駅,トクヤマエキシンカンセンカイサツナイ,2,1171,BOOTH
461,戸田駅改札外,"true","false",17483.977162289102,"false",0,07:00,21:30,07:00,21:30,07:00,21:30,埼玉県戸田市 新曽字柳原350 戸田駅,トダエキカイサツガイ,2,937,BOOTH
462,戸田公園駅改札外,"true","false",16182.725566735588,"false",0,07:00,21:30,07:00,21:30,07:00,21:30,埼玉県戸田市 本町4-15-1 戸田公園駅,トダコウエンエキカイサツガイ,2,938,BOOTH
424,戸塚駅橋上改札外,"true","false",37590.61898452756,"false",0,07:00,21:30,07:00,21:30,07:00,21:30,神奈川県横浜市戸塚区 戸塚町官無番地 戸塚駅,トツカエキキョウジョウカイサツガイ,2,877,BOOTH
544,富山駅新幹線中央改札口内,"true","false",256060.90261073768,"false",0,07:00,21:30,07:00,21:30,07:00,21:30,富山県富山市 明輪町1-225 富山駅,トヤマエキシンカンセンチュウオウカイサツグチナイ,2,1067,BOOTH
615,TRIEL東京(fabbit),"false","false",565.4319054383888,"true",1,09:00,18:00,,,,,東京都中央区 日本橋2丁目1-17 丹生ビル2階,トライアルトウキョウ(ファビット),3,1203,その他(WeWork等)
432,取手駅東口改札内,"true","false",35871.7248188423,"false",0,07:00,21:30,07:00,21:30,07:00,21:30,茨城県取手市 中央町1-1 取手駅,トリデエキヒガシグチカイサツナイ,2,893,BOOTH
584,内閣府庁舎※利用者制限あり,"true","false",2117.1207819937695,"false",0,08:00,19:00,,,,,東京都千代田区 永田町1-6-1 内閣府庁舎,ナイカクフチョウシャ※リヨウセイゲンアリ,2,1101,BOOTH
431,中浦和駅改札外,"true","false",22435.14103115692,"false",0,07:00,21:30,07:00,21:30,07:00,21:30,埼玉県埼玉県さいたま市南区 鹿手袋1-1-7 中浦和駅,ナカウラワエキカイサツガイ,2,891,BOOTH
317,中野駅南口改札外 みどりの窓口内,"true","false",9497.684008478456,"false",0,08:15,19:45,08:15,19:45,08:15,19:45,東京都中野区 中野5-31-1,ナカノエキミナミグチカイサツガイ ミドリノマドグチナイ,2,712,BOOTH
365,中山駅改札外,"true","false",27623.696770122446,"false",0,07:00,21:30,07:00,21:30,07:00,21:30,神奈川県横浜市緑区 寺山町80 中山駅,ナカヤマエキカイサツガイ,2,801,BOOTH
545,長井市役所庁舎内（山形県長井市）,"true","false",270201.6053480297,"false",0,07:00,21:30,07:00,21:30,07:00,21:30,山形県長井市 栄町1-1 長井駅,ナガイシヤクショチョウシャナイ（ヤマガタケンナガイシ）,2,1068,BOOTH
427,長岡駅改札外,"true","false",212386.56142915136,"false",0,07:00,21:30,07:00,21:30,07:00,21:30,新潟県長岡市 城内町2丁目794－4 長岡駅,ナガオカエキカイサツガイ,2,882,BOOTH
594,長岡京駅改札外,"true","false",379180.87928904255,"false",0,07:00,21:30,07:00,21:30,07:00,21:30,京都府長岡京市 神足2丁目4番-1 長岡京駅,ナガオカキョウエキカイサツガイ,2,1150,BOOTH
176,長野駅 MIDORI長野5F,"true","false",177632.23573446128,"false",0,10:15,20:00,10:15,20:00,10:15,20:00,長野県長野市大字栗田 59 長野駅,ナガノエキミドリナガノ5F,2,401,BOOTH
349,那須塩原駅改札外,"true","false",140636.92182356486,"false",0,07:00,21:30,07:00,21:30,07:00,21:30,栃木県那須塩原市 大原間 ５６１ 那須塩原駅,ナスシオバラエキカイサツガイ,2,776,BOOTH
98,新潟駅新幹線西口改札外,"true","false",255430.22642775954,"false",0,07:00,21:30,07:00,21:30,07:00,21:30,新潟県新潟市 花園 １丁目 １ １,ニイガタエキシンカンセンニシグチカイサツガイ,2,233,BOOTH
346,新座駅改札外,"true","false",23336.682006806786,"false",0,07:00,21:30,07:00,21:30,07:00,21:30,埼玉県新座市 野火止 ５丁目 3番11号,ニイザエキカイサツガイ,2,769,BOOTH
442,西千葉駅改札外,"true","false",31184.624543207137,"false",0,07:00,21:30,07:00,21:30,07:00,21:30,千葉県千葉市中央区 春日2-24-2 西千葉駅,ニシチバエキカイサツガイ,2,907,BOOTH
549,西千葉駅改札内,"true","false",31203.61968997424,"false",0,07:00,21:30,07:00,21:30,07:00,21:30,千葉県千葉市中央区 春日2-24-2 西千葉駅,ニシチバエキカイサツナイ,2,906,BOOTH
330,西八王子駅改札外,"true","false",41196.809282638984,"false",0,07:00,21:30,07:00,21:30,07:00,21:30,東京都八王子市 千人町 ２丁目 21番1号,ニシハチオウジエキカイサツガイ,2,740,BOOTH
373,西府駅改札内,"true","false",27993.141347453293,"false",0,07:00,21:30,07:00,21:30,07:00,21:30,東京都府中市 本宿町 １丁目40番地,ニシフエキカイサツナイ,2,815,BOOTH
71,西船橋駅改札内,"true","false",17664.869755537733,"false",0,07:00,21:30,07:00,21:30,07:00,21:30,千葉県船橋市 葛飾町 ２丁目 ３５０,ニシフナバシエキカイサツナイ,2,180,BOOTH
411,日暮里駅北口改札外,"true","false",5198.287855827966,"false",0,07:00,21:30,07:00,21:30,07:00,21:30,東京都荒川区 西日暮里 ２丁目 １９ 日暮里駅,ニッポリエキ,2,787,BOOTH
528,NewDays北浦和店(改札外西口 1F),"true","false",23805.312846463028,"false",0,07:00,20:00,07:00,20:00,07:00,20:00,埼玉県さいたま市浦和区 北浦和3-3-5 北浦和駅,ニューデイズキタウラワテン,2,982,BOOTH
386,農林水産省中央合同庁舎第1号館(別館),"true","false",1588.3011277168193,"false",0,10:30,18:30,,,,,東京都千代田区 霞が関1-2-1,ノウリンスイサンショウチュウオウゴウドウチョウシャダイイチゴウカン,2,822,BOOTH
364,登戸駅１番線ホーム,"true","false",19004.196428543702,"false",0,07:00,21:30,07:00,21:30,07:00,21:30,神奈川県川崎市多摩区登戸 3435番地,ノボリトエキイチバンセンホーム,2,798,BOOTH
449,登戸駅改札内,"true","false",19022.741584365267,"false",0,07:00,21:30,07:00,21:30,07:00,21:30,神奈川県川崎市多摩区 登戸3435番地 登戸駅,ノボリトエキカイサツナイ,2,919,BOOTH
372,拝島駅改札外,"true","false",38521.49489122047,"false",0,07:00,21:30,07:00,21:30,07:00,21:30,東京都昭島市松原町 4丁目14番4号,ハイジマエキカイサツガイ,2,814,BOOTH
601,博多駅新幹線改札内,"true","false",887387.559979454,"false",0,07:00,21:30,07:00,21:30,07:00,21:30,福岡県福岡市博多区 博多駅中央街1-1 博多駅,ハカタエキシンカンセンカイサツナイ,2,1166,BOOTH
608,HAKADORUアトレ大森店,"false","false",10869.863784855912,"true",1,08:45,21:00,08:45,21:00,08:45,21:00,東京都大田区 大森北1-6-16 アトレ大森5F,ハカドルアトレオオモリテン,3,1179,その他(WeWork等)
607,HAKADORU新宿三丁目店,"false","false",5612.298822287624,"true",1,07:30,21:30,,,,,東京都新宿区 新宿3-１-24 京王新宿三丁目ビル1F,ハカドルシンジュクサンチョウメテン,3,1177,その他(WeWork等)
606,HAKADORU虎ノ門店,"false","false",1797.2814437912361,"true",1,07:30,20:00,,,,,東京都港区 西新橋 1-6-13 柏屋ビル 1F,ハカドルトラノモンテン,3,1175,その他(WeWork等)
423,八戸駅新幹線改札外,"true","false",555413.7985877717,"false",0,07:00,21:30,07:00,21:30,07:00,21:30,青森県八戸市 大字尻内町字館田2-2 八戸駅,ハチノヘエキシンカンセンカイサツガイ,2,876,BOOTH
623,羽田空港 第１ターミナル 南ウイング8番ゲート,"true","false",14776.00084947644,"false",0,07:00,21:30,07:00,21:30,07:00,21:30,東京都大田区 羽田空港三丁目3番2号 羽田空港第1ターミナル,ハネダクウコウ ダイイチターミナルミナミウィング８バンゲート,2,1156,BOOTH
599,羽田空港 第1ターミナル 南ウィング中央,"true","false",14779.64915332493,"false",0,07:00,21:30,07:00,21:30,07:00,21:30,東京都大田区 羽田空港三丁目3番2号 羽田空港第１ターミナル,ハネダクウコウダイイチターミナルミナミウィングチュウオウ,2,1154,BOOTH
523,浜野駅改札内,"true","false",36103.04895865633,"false",0,07:00,21:30,07:00,21:30,07:00,21:30,千葉県千葉市中央区村田町 700 浜野駅,ハマノエキカイサツナイ,2,976,BOOTH
412,浜松町駅改札外,"true","false",2991.82795584325,"false",0,07:00,21:30,07:00,21:30,07:00,21:30,東京都港区 海岸 １丁目 3番１号 浜松町駅,ハママツチョウエキ,2,735,BOOTH
406,東川口駅改札内,"true","false",21620.137706312475,"false",0,07:00,21:30,07:00,21:30,07:00,21:30,埼玉県川口市戸塚１丁目 １－１ 東川口駅,ヒガシカワグチエキカイサツナイ,2,790,BOOTH
446,東十条駅北口改札内,"true","false",9846.391418354631,"false",0,07:00,21:30,07:00,21:30,07:00,21:30,東京都北区東十条 3-18-51,ヒガシジュウジョウエキキタグチカイサツナイ,2,915,BOOTH
535,東中野駅西口改札外,"true","false",7977.162296648472,"false",0,07:00,21:30,07:00,21:30,07:00,21:30,東京都中野区 東中野4-1-12 東中野駅,ヒガシナカノエキニシグチカイサツガイ,2,996,BOOTH
323,東船橋駅改札内,"true","false",21628.442894809847,"false",0,07:00,21:30,07:00,21:30,07:00,21:30,千葉県船橋市 東船橋 ２丁目 １０番１号,ヒガシフナバシエキカイサツナイ,2,725,BOOTH
334,日立駅改札外待合室,"true","false",129174.56037638267,"false",0,07:00,21:30,07:00,21:30,07:00,21:30,茨城県日立市 幸町1-1-1,ヒタチエキカイサツガイマチアイシツ,2,745,BOOTH
468,ひたち野うしく駅改札外,"true","false",50618.50434357845,"false",0,07:00,21:30,07:00,21:30,07:00,21:30,茨城県牛久市 ひたち野西3-41-16 ひたち野うしく駅,ヒタチノウシクエキカイサツガイ,2,946,BOOTH
344,弘前駅改札横 待合室内,"true","false",549506.2156491696,"false",0,07:30,19:30,07:30,19:30,07:30,19:30,青森県弘前市 大字表町 1-1 弘前駅,ヒロサキエキカイサツナイ チュウオウカイサツヨコ,2,768,BOOTH
595,広島駅新幹線改札内,"true","false",680165.1215670572,"false",0,07:00,21:30,07:00,21:30,07:00,21:30,広島県広島市南区 松原町2 広島駅,ヒロシマエキシンカンセンカイサツナイ,2,1151,BOOTH
359,広島合同庁舎３号館,"true","false",681291.5453051965,"false",0,08:00,19:00,,,,,広島県広島市中区上八丁堀 6-30,ヒロシマゴウドウチョウシャサンゴウカン,2,765,BOOTH
342,広島合同庁舎４号館,"true","false",681223.8663528734,"false",0,08:00,19:00,,,,,広島県広島市中区上八丁堀 6-30,ヒロシマゴウドウチョウシャヨンゴウカン,2,766,BOOTH
556,ビジネスエアポート青山,"false","false",4757.310959326871,"true",1,08:00,21:00,,,,,東京都港区 南青山 3-1-3 スプライン青山東急ビル4・6F,ビジネスエアポートアオヤマ,3,1105,その他(WeWork等)
565,ビジネスエアポート恵比寿,"false","false",6134.159514177027,"true",1,08:00,20:00,,,,,東京都渋谷区 恵比寿1-19-19 恵比寿ビジネスタワー2F・10F,ビジネスエアポートエビス,3,1125,その他(WeWork等)
553,ビジネスエアポート神田,"false","false",1452.58149203281,"true",1,08:00,20:00,,,,,東京都千代田区神田 鍛冶町3-4 oak神田鍛冶町7F,ビジネスエアポートカンダ,3,1113,その他(WeWork等)
555,ビジネスエアポート京橋,"false","false",691.7461683834266,"true",1,08:00,20:00,,,,,東京都中央区 京橋2-7-8 FPG links KYOBASHI 2F～9F,ビジネスエアポートキョウバシ,3,1139,その他(WeWork等)
561,ビジネスエアポート品川,"false","false",6443.19870047313,"true",1,08:00,20:00,,,,,東京都港区 港南2-16-2 太陽生命品川ビル28F,ビジネスエアポートシナガワ,3,1107,その他(WeWork等)
564,ビジネスエアポート渋谷南平台,"false","false",6868.357133036175,"true",1,08:00,20:00,,,,,東京都渋谷区 道玄坂1-21-1 SHIBUYA SOLASTA 3F,ビジネスエアポートシブヤナンペイダイ,3,1117,その他(WeWork等)
563,ビジネスエアポート渋谷フクラス,"false","false",6531.968690841638,"true",1,08:00,21:00,,,,,東京都渋谷区 道玄坂1-2-3 渋谷フクラス17F,ビジネスエアポートシブヤフクラス,3,1121,その他(WeWork等)
566,ビジネスエアポート新宿三丁目,"false","false",5620.254161910734,"true",1,08:00,21:00,,,,,東京都新宿区 新宿3-5-6 キュープラザ新宿三丁目 4F〜8F,ビジネスエアポートシンジュクサンチョウメ,3,1129,その他(WeWork等)
558,ビジネスエアポート新橋,"false","false",1658.002760659702,"true",1,08:00,21:00,,,,,東京都港区 新橋1-12-9 新橋プレイス6F･7F･8F,ビジネスエアポートシンバシ,3,1115,その他(WeWork等)
559,ビジネスエアポート竹芝,"false","false",2936.3157974569754,"true",1,08:00,20:00,,,,,東京都港区 海岸1-7-1 東京ポートシティ竹芝 オフィスタワー 8F,ビジネスエアポートタケシバ,3,1127,その他(WeWork等)
560,ビジネスエアポート田町,"false","false",4210.341017890635,"true",1,08:00,20:00,,,,,東京都港区 芝5-26-24 田町スクエア1F・2F,ビジネスエアポートタマチ,3,1135,その他(WeWork等)
550,ビジネスエアポート東京,"false","false",518.0185316569966,"true",1,08:00,21:00,,,,,東京都千代田区 丸の内1-1-3 日本生命丸の内ガーデンタワー3F,ビジネスエアポートトウキョウ,3,1103,その他(WeWork等)
554,ビジネスエアポート日本橋,"false","false",584.048115758776,"true",1,08:00,20:00,,,,,東京都中央区 日本橋3-6-2 日本橋フロント1F,ビジネスエアポートニホンバシ,3,1119,その他(WeWork等)
552,ビジネスエアポート日比谷,"false","false",1083.5720748897663,"true",1,08:00,20:00,,,,,東京都千代田区 有楽町1-2-2 東宝日比谷ビル9F,ビジネスエアポートヒビヤ,3,1137,その他(WeWork等)
551,ビジネスエアポート丸の内,"false","false",418.4604121105114,"true",1,08:00,20:00,,,,,東京都千代田区 丸の内2-2-1 岸本ビルヂング6F,ビジネスエアポートマルノウチ,3,1109,その他(WeWork等)
562,ビジネスエアポート目黒,"false","false",6866.226728241456,"true",1,08:00,20:00,,,,,東京都品川区 上大崎2-15-19 MG目黒駅前1F〜9F,ビジネスエアポートメグロ,3,1123,その他(WeWork等)
567,ビジネスエアポート横浜,"false","false",27466.6946687134,"true",1,08:00,21:00,,,,,神奈川県横浜市西区 高島1-2-5 横濱ゲートタワー3F,ビジネスエアポートヨコハマ,3,1141,その他(WeWork等)
557,ビジネスエアポート六本木,"false","false",3779.829465179188,"true",1,08:00,20:00,,,,,東京都港区 六本木7-8-6 AXALL ROPPONGI 6F・7F,ビジネスエアポートロッポンギ,3,1111,その他(WeWork等)
482,BIZcomfort池袋西口,"false","false",7846.626529367701,"true",1,09:00,18:00,,,,,東京都豊島区 池袋2-36-1 NFINITY IKEBUKURO 6F,ビズコンフォートイケビクロニシグチ,3,1008,その他(WeWork等)
506,BIZcomfort大阪江戸堀,"false","false",404639.64717436355,"true",1,09:00,18:00,,,,,大阪府大阪市西区 江戸堀2-1-1 江戸堀センタービルB1F,ビズコンフォートオオサカエドボリ,3,1058,その他(WeWork等)
504,BIZcomfort大阪東梅田,"false","false",403387.57057598745,"true",1,09:00,18:00,,,,,大阪府大阪市北区 曾根崎2丁目8-5 お初天神EAST BLDG 3F～8F,ビズコンフォートオオサカヒガシウメダ,3,1054,その他(WeWork等)
505,BIZcomfort大阪ベイタワー,"false","false",407939.711045356,"true",1,09:00,18:00,,,,,大阪府大阪市港区 弁天1-2-1 大阪ベイタワー14F,ビズコンフォートオオサカベイタワー,3,1056,その他(WeWork等)
590,BIZcomfort大宮西口,"false","false",28018.743142215983,"true",1,09:00,18:00,,,,,埼玉県さいたま市 大宮区桜木町1-378,ビズコンフォートオオミヤニシグチ,3,1145,その他(WeWork等)
481,BIZcomfort大森山王,"false","false",10666.649472139083,"true",1,08:00,18:00,,,,,東京都大田区 山王2-5-6 SANNOBRIDGE,ビズコンフォートオオモリサンノウ,3,1006,その他(WeWork等)
509,BIZcomfort京都四条烏丸,"false","false",372062.17518227245,"true",1,09:00,18:00,,,,,京都府京都市中京区 天神山町280 石勘ビル4F,ビズコンフォートキョウトシジョウカラスマ,3,1064,その他(WeWork等)
507,BIZcomfort神戸三宮,"false","false",431020.87930864637,"true",1,09:00,18:00,,,,,兵庫県神戸市中央区 下山手通2-13-3 建創ビル8/9F,ビズコンフォートコウベサンノミヤ,3,1060,その他(WeWork等)
508,BIZcomfort神戸元町,"false","false",431202.9433185256,"true",1,09:00,19:00,,,,,兵庫県神戸市中央区 北長狭通4丁目2-19 アムズ元町ビル1F・4F,ビズコンフォートコウベモトマチ,3,1062,その他(WeWork等)
480,BIZcomfort CONNECT LOUNGE神田,"false","false",1335.2841002361092,"true",1,09:00,18:00,,,,,東京都千代田区 神田多町2-1 神田東山ビル7F/8F,ビズコンフォートコネクトラウンジカンダ,3,1004,その他(WeWork等)
476,BIZcomfort札幌,"false","false",831871.6416265126,"true",1,09:00,18:00,,,,,北海道札幌市北区 北10条西3丁目23番地1 THE PEAK SAPPORO 1階,ビズコンフォートサッポロ,3,986,その他(WeWork等)
495,BIZcomfort志木,"false","false",23357.743150398997,"true",1,09:00,18:00,,,,,埼玉県新座市 東北2-39-10 ドゥーセット弐番館6F,ビズコンフォートシキ,3,1036,その他(WeWork等)
500,BIZcomfort静岡,"false","false",147905.05414380145,"true",1,09:00,18:00,,,,,静岡県静岡市葵区 伝馬町1-2 ホテルシティオ３F,ビズコンフォートシズオカ,3,1046,その他(WeWork等)
540,BIZcomfort湘南平塚,"false","false",54544.72450163725,"true",1,09:00,18:00,,,,,神奈川県平塚市紅谷町 紅谷町8-16 サニープラザ平塚3F,ビズコンフォートショウナンヒラツカ,3,1030,その他(WeWork等)
490,BIZcomfort新横浜,"false","false",23334.182525836626,"true",1,09:00,18:00,,,,,神奈川県横浜市港北区 新横浜3丁目7-7 新横浜アリーナ通りビル 3F,ビズコンフォートシンヨコハマ,3,1026,その他(WeWork等)
491,BIZcomfortセンター北(プレミアヨコハマ),"false","false",21994.429880503892,"true",1,09:00,18:00,,,,,神奈川県横浜市都筑区 中川中央1-30-1 プレミアヨコハマ3F,ビズコンフォートセンターキタ(プレミアヨコハマ),3,1028,その他(WeWork等)
478,BIZcomfort仙台一番町,"false","false",302509.64389659674,"true",1,09:00,18:00,,,,,宮城県仙台市青葉区一番町 2-6-1 シティハウス一番町中央2F,ビズコンフォートセンダイイチバンガイ,3,997,その他(WeWork等)
477,BIZcomfort仙台クリスロード,"false","false",302925.1614228412,"true",1,09:00,18:00,,,,,宮城県仙台市青葉区 中央2-2-30 日興ビル3F・4F,ビズコンフォートセンダイクリスロード,3,991,その他(WeWork等)
497,BIZcomfort千葉駅前,"false","false",32217.536578766816,"true",1,09:00,18:00,,,,,千葉県千葉市中央区 弁天1-15-3 リードシー千葉駅前ビルB1F,ビズコンフォートチバエキマエ,3,1040,その他(WeWork等)
496,BIZcomfort千葉西口,"false","false",32379.62087352604,"true",1,09:00,18:00,,,,,千葉県千葉市中央区 新千葉1-7-2 ペリエ＋plusビル1F,ビズコンフォートチバニシグチ,3,1038,その他(WeWork等)
502,BIZcomfort名古屋伏見,"false","false",266544.03832001885,"true",1,09:00,18:00,,,,,愛知県名古屋市中区 栄2-2-1 広小路伏見中駒ビル5F,ビズコンフォートナゴヤフシミ,3,1050,その他(WeWork等)
503,BIZcomfort名古屋名駅南,"false","false",267407.9876851058,"true",1,09:00,18:00,,,,,愛知県名古屋市中村区 名駅南1-11-12 名駅Minami-One1F,ビズコンフォートナゴヤメイエキミナミ,3,1052,その他(WeWork等)
483,BIZcomfort西新井,"false","false",10987.540710171905,"true",1,09:00,18:00,,,,,東京都足立区 梅島3-33−6 エンブレム西新井2・3F,ビズコンフォートニシアライ,3,1010,その他(WeWork等)
488,BIZcomfort登戸,"false","false",19215.10282150227,"true",1,09:00,18:00,,,,,神奈川県川崎市多摩区 登戸2432-1 Bluewater Building6F･7F,ビズコンフォートノボリト,3,1022,その他(WeWork等)
494,BIZcomfort橋本,"false","false",39241.72710036917,"true",1,09:00,18:00,,,,,神奈川県相模原市緑区 橋本3-27-6 S＆Yビル,ビズコンフォートハシモト,3,1034,その他(WeWork等)
486,BIZcomfort八王子,"false","false",38876.05981701087,"true",1,09:00,18:00,,,,,東京都八王子市東町 東町12-8 長澤ビル4F/5F,ビズコンフォートハチオウジ,3,1018,その他(WeWork等)
501,BIZcomfort浜松,"false","false",214641.46666539618,"true",1,09:00,18:00,,,,,静岡県浜松市中区 田町223-21 ビオラ田町3F,ビズコンフォートハママツ,3,1048,その他(WeWork等)
484,BIZcomfort町田,"false","false",32710.344132626837,"true",1,09:00,18:00,,,,,東京都町田市 中町1-2-5 SHELL MIYAKO V 3F,ビズコンフォートマチダ,3,1012,その他(WeWork等)
498,BIZcomfort松戸駅前,"false","false",16688.500791333325,"true",1,09:00,18:00,,,,,千葉県松戸市 松戸1228-1 松戸ステーションビル５F,ビズコンフォートマツドエキマエ,3,1042,その他(WeWork等)
487,BIZcomfort溝の口,"false","false",16739.180598237905,"true",1,09:00,18:00,,,,,神奈川県川崎市高津区 久本1丁目6-8,ビズコンフォートミゾノクチ,3,1020,その他(WeWork等)
479,BIZcomfort水戸,"false","false",99864.89404223705,"true",1,09:00,18:00,,,,,茨城県水戸市 宮町1-2-4 MYMビル3F,ビズコンフォートミト,3,1002,その他(WeWork等)
485,BIZcomfort南町田,"false","false",32974.236029501684,"true",1,10:00,20:00,10:00,20:00,10:00,20:00,東京都町田市 鶴間3丁目-4-1 グランベリーパーク セントラルコート 3F L302,ビズコンフォートミナミマチダ,3,1016,その他(WeWork等)
542,BIZcomfort八千代緑が丘,"false","false",28410.227351741283,"true",1,09:00,18:00,,,,,千葉県八千代市 緑が丘1丁目1106番地5 BIZcomfortビル1F・2F,ビズコンフォートヤチヨミドリガオカ,3,1044,その他(WeWork等)
539,BIZcomfort横浜元町,"false","false",28901.56628767607,"true",1,09:00,18:00,,,,,神奈川県横浜市中区 元町4-168 BIZcomfort元町ビルB1F/3F,ビズコンフォートヨコハマモトマチ,3,1024,その他(WeWork等)
304,BIZMARKS赤坂,"false","false",2791.2402315877443,"true",1,10:00,18:00,,,,,東京都港区 赤坂2-16-6 BIZMARKS 赤坂1F,ビズマークスアカサカ,3,686,その他(WeWork等)
610,fabbit青山,"false","false",3750.781539175288,"true",1,09:00,18:00,,,,,東京都港区 赤坂8-4-14 青山タワープレイス8F,ファビットアオヤマ,3,1183,その他(WeWork等)
613,fabbit大阪福島,"false","false",404763.53950561356,"true",1,09:00,18:00,,,,,"大阪府大阪市福島区 福島 5-13-18 福島ビル ６,７階",ファビットオオサカフクシマ,3,1189,その他(WeWork等)
616,fabbit大阪本町,"false","false",404297.8647395608,"true",1,09:00,18:00,,,,,大阪府大阪市西区西本町 1-4-1 オリックス本町ビル４階,ファビットオオサカホンマチ,3,1197,その他(WeWork等)
609,fabbit京橋,"false","false",468.1833881912184,"true",1,09:00,18:00,,,,,東京都中央区 京橋1-1-5 セントラルビル2階,ファビットキョウバシ,3,1181,その他(WeWork等)
614,fabbit新大阪,"false","false",402704.5691944951,"true",1,09:00,18:00,,,,,"大阪府大阪市淀川区 西中島7-1-29 新大阪SONEビル4,5,6F",ファビットシンオオサカ,3,1191,その他(WeWork等)
621,fabbitGGアクロス福岡,"false","false",888955.697713127,"true",1,09:00,18:00,,,,,福岡県福岡市中央区 天神１丁目１−１,ファビットジージーアクロスフクオカ,3,1211,その他(WeWork等)
633,fabbitGG大阪本町,"false","false",404288.72013247246,"true",1,09:00,18:00,,,,,大阪府大阪市西区西本町 1-4-1 オリックス本町ビル４階,ファビットジージーオオサカホンマチ,3,1215,その他(WeWork等)
619,fabbitGG博多駅前,"false","false",887544.9047964135,"true",1,09:00,18:00,,,,,福岡県福岡市博多区 博多駅前２丁目１−１,ファビットジージーハカタエキマエ,3,1205,その他(WeWork等)
618,fabbit日本橋,"false","false",642.0572884765235,"true",1,09:00,18:00,,,,,東京都中央区日本橋本石町 2-1-1 アスパ日本橋オフィス,ファビットニホンバシ,3,1201,その他(WeWork等)
611,fabbit博多,"false","false",887482.4356232092,"true",1,08:30,17:30,,,,,福岡県福岡市博多区 博多駅南 1-11-27 AS OFFICE 博多,ファビットハカタ,3,1185,その他(WeWork等)
617,fabbit広島駅前,"false","false",680478.4231633934,"true",1,09:00,18:00,,,,,広島県広島市南区京橋町 １−７ アスティ広島京橋ビルディング1・2階,ファビットヒロシマエキマエ,3,1209,その他(WeWork等)
620,fabbit宗像,"false","false",867093.5753095916,"true",1,09:00,18:00,,,,,福岡県宗像市栄町 2-1 赤間駅第二自転車駐車場2階,ファビットムナカタ,3,1207,その他(WeWork等)
612,fabbit銀座,"false","false",907.4320810967323,"true",1,09:00,18:00,,,,,東京都中央区 銀座1-15-4 銀座一丁目ビル 7F,ファビット銀座,3,1187,その他(WeWork等)
116,フォルクローロ角館,"false","false",439739.8130186937,"true",0,08:00,19:00,08:00,19:00,08:00,19:00,秋田県仙北市角館町 中菅沢14,フォルクローロカクノダテ,3,267,ホテルシェアオフィス
513,福島駅西口改札外,"true","false",238205.44833858812,"false",0,07:00,21:30,07:00,21:30,07:00,21:30,福島県福島市栄町 1-1 福島駅,フクシマエキニシグチカイサツガイ,2,965,BOOTH
522,福島駅東口改札外 みどりの窓口内,"true","false",238221.04559055227,"false",0,07:00,21:30,07:00,21:30,07:00,21:30,福島県福島市 栄町1-1 福島駅,フクシマエキヒガシグチカイサツガイミドリノマドグチナイ,2,964,BOOTH
387,府中本町駅改札外,"true","false",26248.44901224732,"false",0,07:00,21:30,07:00,21:30,07:00,21:30,東京都府中市本町 １丁目２９番地,フチュウホンマチエキカイサツガイ,2,810,BOOTH
369,府中本町駅改札内,"true","false",26235.55303478187,"false",0,07:00,21:30,07:00,21:30,07:00,21:30,東京都府中市 本町 １丁目 ２９,フチュウホンマチエキカイサツナイ,2,808,BOOTH
67,船橋駅改札外,"true","false",20067.7239913959,"false",0,07:00,21:30,07:00,21:30,07:00,21:30,千葉県船橋市 本町 船橋,フナバシエキカイサツガイ,2,172,BOOTH
441,船橋法典駅改札外,"true","false",18937.5501103523,"false",0,07:00,21:30,07:00,21:30,07:00,21:30,千葉県船橋市藤原１丁目 1-27-1,フナバシホウテンエキカイサツガイ,2,904,BOOTH
274,古川駅改札外,"true","false",337957.38413734525,"false",0,07:00,21:30,07:00,21:30,07:00,21:30,宮城県大崎市 古川駅前大通1丁目７番35号,フルカワエキカイサツガイ,2,628,BOOTH
569,Plug and Play Shibuya powered by 東急不動産,"false","false",6708.933416672719,"true",1,08:00,20:00,,,,,東京都渋谷区 道玄坂1-10-8 渋谷道玄坂東急ビル１F・2F,プラグアンドプレイシブヤ,3,1143,その他(WeWork等)
511,プレイアトレ土浦2F,"true","false",59254.67229166639,"false",0,07:00,21:30,07:00,21:30,07:00,21:30,茨城県土浦市 有明町1-30 プレイアトレ土浦,プレイアトレツチウラニカイ,2,962,BOOTH
215,BECK’S COFFEE SHOP八王子,"true","false",38783.04908034169,"false",0,07:00,21:30,07:00,21:30,07:00,21:30,東京都八王子市 旭町 １ １,ベックスコーヒーショップハチオウジ,2,517,BOOTH
272,HOKKAIDOxStation01,"false","false",831227.9689083702,"true",1,09:00,20:00,,,,,北海道札幌市中央区 北5条西5-1 JR GOGO SAPPORO 6階,ホッカイドウコネクテッドステーションゼロワン,3,624,その他(WeWork等)
361,保土ケ谷駅改札外,"true","false",30094.255024681264,"false",0,07:00,21:30,07:00,21:30,07:00,21:30,神奈川県横浜市保土ヶ谷区 岩井町4,ホドガヤエキカイサツガイ,2,793,BOOTH
425,保土ケ谷駅改札内,"true","false",30105.775807190494,"false",0,07:00,21:30,07:00,21:30,07:00,21:30,神奈川県横浜市保土ケ谷区 岩井町4 保土ケ谷駅,ホドガヤエキカイサツナイ,2,879,BOOTH
510,本庄早稲田駅改札外,"true","false",79735.7449892521,"false",0,07:00,21:30,07:00,21:30,07:00,21:30,埼玉県本庄市 早稲田の杜1-1-1 本庄早稲田駅,ホンジョウワセダエキカイサツガイ,2,961,BOOTH
443,本千葉駅改札内,"true","false",33278.04119776786,"false",0,07:00,21:30,07:00,21:30,07:00,21:30,千葉県千葉市中央区 長洲1-30-1 本千葉駅,ホンチバエキカイサツナイ,2,908,BOOTH
322,幕張駅改札内,"true","false",26492.61493475301,"false",0,07:00,21:30,07:00,21:30,07:00,21:30,千葉県千葉市 幕張町 ５丁目 １２１番地,マクハリエキカイサツナイ,2,723,BOOTH
66,幕張本郷駅改札内,"true","false",25003.894308628824,"false",0,07:00,21:30,07:00,21:30,07:00,21:30,千葉県千葉市 幕張本郷 １丁目 １ ３ 幕張本郷駅,マクハリホンゴウエキカイサツナイ,2,170,BOOTH
399,町田駅中央改札外,"true","false",32934.399257098405,"false",0,07:00,21:30,07:00,21:30,07:00,21:30,東京都町田市 原町田 １-1-36,マチダエキチュウオウカイサツガイ,2,845,BOOTH
518,松戸駅改札内,"true","false",16680.123973373975,"false",0,07:00,21:30,07:00,21:30,07:00,21:30,千葉県松戸市 松戸1181 松戸駅,マツドエキカイサツナイ,2,971,BOOTH
375,松本駅改札外,"true","false",173631.6124695813,"false",0,07:00,21:30,07:00,21:30,07:00,21:30,長野県松本市 深志 １丁目 １ １,マツモトエキカイサツガイ,2,817,BOOTH
157,水戸駅みどりの窓口内(券売機前),"true","false",99753.03357732146,"false",0,07:00,21:30,07:00,21:30,07:00,21:30,茨城県水戸市 宮町１丁目 水戸駅,ミトエキミドリノマドグチナイケンバイキマエ,2,360,BOOTH
178,水戸駅みどりの窓口内(正面入口横),"true","false",99754.23999888696,"false",0,07:00,19:00,07:00,19:00,07:00,19:00,茨城県水戸市 宮町１丁目 水戸駅,ミトエキミドリノマドグチナイショウメンイリグチヨコ,2,361,BOOTH
536,南流山駅改札内,"true","false",21396.89940944232,"false",0,07:00,21:30,07:00,21:30,07:00,21:30,千葉県流山市 南流山1-25 南流山駅,ミナミナガレヤマエキカイサツナイ,2,999,BOOTH
444,南船橋駅改札内,"true","false",20744.82928107121,"false",0,07:00,21:30,07:00,21:30,07:00,21:30,千葉県船橋市 若松2-1-1 南船橋駅,ミナミフナバシエキカイサツナイ,2,910,BOOTH
434,南与野駅改札外,"true","false",24007.639300660037,"false",0,07:00,21:30,07:00,21:30,07:00,21:30,埼玉県さいたま市中央区 鈴谷2-578 南与野駅,ミナミヨノエキカイサツガイ,2,896,BOOTH
63,武蔵浦和駅改札外(南口側),"true","false",21212.511998627335,"false",0,07:00,21:30,07:00,21:30,07:00,21:30,埼玉県さいたま市 別所 ７丁目 １２ １,ムサシウラワエキカイサツガイミナミガワ,2,163,BOOTH
363,武蔵小杉駅改札内,"true","false",15091.840565771581,"false",0,07:00,21:30,07:00,21:30,07:00,21:30,神奈川県川崎市中原区小杉町 三丁目492番地,ムサシコスギエキカイサツナイ,2,796,BOOTH
421,武蔵境駅改札外,"true","false",20261.6840660536,"false",0,07:00,21:30,07:00,21:30,07:00,21:30,東京都武蔵野市 境1丁目１-2 武蔵境駅,ムサシサカイエキカイサツガイ,2,872,BOOTH
112,武蔵新城駅改札内,"true","false",16192.193466287546,"false",0,07:00,21:30,07:00,21:30,07:00,21:30,神奈川県川崎市中原区新城 3丁目 15－15 武蔵新城駅,ムサシシンジョウエキカイサツナイ,2,258,BOOTH
114,武蔵中原駅改札内,"true","false",15850.467919882594,"false",0,07:00,21:30,07:00,21:30,07:00,21:30,神奈川県川崎市中原区上小田中 ６丁目 21-1 武蔵中原駅,ムサシナカハラエキカイサツナイ,2,263,BOOTH
475,武蔵溝ノ口駅１番線ホーム,"true","false",16770.20480356698,"false",0,07:00,21:30,07:00,21:30,07:00,21:30,神奈川県川崎市高津区 溝口1-1-1 武蔵溝ノ口,ムサシミゾノクチエキイチバンセンホーム,2,803,BOOTH
366,武蔵溝ノ口駅改札内,"true","false",16770.20480356698,"false",0,07:00,21:30,07:00,21:30,07:00,21:30,神奈川県川崎市高津区 溝口1-1-1 武蔵溝ノ口駅,ムサシミゾノクチエキカイサツナイ,2,802,BOOTH
597,目白駅改札内,"true","false",6995.529850563929,"false",0,07:00,21:30,07:00,21:30,07:00,21:30,東京都豊島区 目白3-3-1 目白駅,メジロエキカイサツナイ,2,1153,BOOTH
97,ホテルメッツ赤羽,"false","false",11582.606955023712,"true",0,08:00,18:00,08:00,18:00,08:00,18:00,東京都北区 赤羽1-1-76,メッツアカバネ,3,230,ホテルシェアオフィス
17,ホテルメッツ秋葉原,"false","false",1945.1659009151408,"true",0,08:00,18:00,08:00,18:00,08:00,18:00,東京都千代田区 外神田1-17-4,メッツアキハバラ,3,58,ホテルシェアオフィス
33,ホテルメッツ宇都宮,"false","false",98315.53969433618,"true",0,08:00,18:00,08:00,18:00,08:00,18:00,栃木県宇都宮市川向町 1-23,メッツウツノミヤ,3,89,ホテルシェアオフィス
84,ホテルメッツ浦和,"false","false",21968.947219809772,"true",0,08:00,18:00,08:00,18:00,08:00,18:00,埼玉県さいたま市浦和区高砂1-16-7,メッツウラワ,3,205,ホテルシェアオフィス
101,ホテルメッツかまくら大船,"false","false",42408.29400729313,"true",0,08:00,18:00,08:00,18:00,08:00,18:00,神奈川県鎌倉市 大船1-2-1,メッツカマクラオオフナ,3,238,ホテルシェアオフィス
103,ホテルメッツ川崎,"false","false",17832.570416687537,"true",0,08:00,18:00,08:00,18:00,08:00,18:00,神奈川県川崎市幸区堀川町 72-2,メッツカワサキ,3,240,ホテルシェアオフィス
109,ホテルメッツ北上,"false","false",417200.7259829655,"true",0,08:00,19:00,08:00,19:00,08:00,19:00,岩手県北上市 大通1-1-34,メッツキタカミ,3,250,ホテルシェアオフィス
20,ホテルメッツ高円寺,"false","false",10866.547044081723,"true",0,08:00,18:00,08:00,18:00,08:00,18:00,東京都杉並区 高円寺北2-5-1,メッツコウエンジ,3,64,ホテルシェアオフィス
39,ホテルメッツ国分寺,"false","false",25904.635588418463,"true",0,08:00,18:00,08:00,18:00,08:00,18:00,東京都国分寺市南町 3-20-3,メッツコクブンジ,3,99,ホテルシェアオフィス
55,ホテルメッツ駒込,"false","false",6343.794282039931,"true",0,08:00,18:00,08:00,18:00,08:00,18:00,東京都豊島区 駒込2-1-39,メッツコマゴメ,3,145,ホテルシェアオフィス
18,ホテルメッツ五反田,"false","false",7228.365418150785,"true",0,08:00,18:00,08:00,18:00,08:00,18:00,東京都品川区 東五反田1-26-3,メッツゴタンダ,3,60,ホテルシェアオフィス
36,ホテルメッツ桜木町,"false","false",28399.513485530857,"true",0,08:00,18:00,08:00,18:00,08:00,18:00,神奈川県横浜市中区桜木町 1-1-93,メッツサクラギチョウ,3,93,ホテルシェアオフィス
102,ホテルメッツ札幌,"false","false",831575.625906514,"true",0,08:00,18:00,08:00,18:00,08:00,18:00,北海道札幌市北区 北７条西2-5-3,メッツサッポロ,3,236,ホテルシェアオフィス
19,ホテルメッツ渋谷,"false","false",6321.730325797181,"true",0,08:00,18:00,08:00,18:00,08:00,18:00,東京都渋谷区 渋谷3-29-17,メッツシブヤ,3,62,ホテルシェアオフィス
35,ホテルメッツ新木場,"false","false",6824.28654499864,"true",0,08:00,18:00,08:00,18:00,08:00,18:00,東京都江東区 新木場1-6-1,メッツシンキバ,3,91,ホテルシェアオフィス
40,ホテルメッツ立川,"false","false",32013.378944167856,"true",0,08:00,18:00,08:00,18:00,08:00,18:00,東京都立川市柴崎町 3-1-1,メッツタチカワ,3,101,ホテルシェアオフィス
86,ホテルメッツ津田沼,"false","false",22978.899293027564,"true",0,08:00,18:00,08:00,18:00,08:00,18:00,千葉県習志野市津田沼1-1-1,メッツツダヌマ,3,209,ホテルシェアオフィス
118,ホテルメッツ長岡,"false","false",212246.0115947147,"true",0,08:00,19:00,08:00,19:00,08:00,19:00,新潟県長岡市台町2-4-9,メッツナガオカ,3,271,ホテルシェアオフィス
117,ホテルメッツ新潟,"false","false",255349.32898030046,"true",0,08:00,19:00,08:00,19:00,08:00,19:00,新潟県新潟市中央区 花園1-96-47,メッツニイガタ,3,269,ホテルシェアオフィス
110,ホテルメッツ八戸,"false","false",555437.9218526542,"true",0,08:00,19:00,08:00,19:00,08:00,19:00,青森県八戸市尻内町館田1-1,メッツハチノヘ,3,252,ホテルシェアオフィス
121,ホテルメッツ福島,"false","false",238138.0119446406,"true",0,08:00,19:00,08:00,19:00,08:00,19:00,福島県福島市栄町 1-1,メッツフクシマ,3,277,ホテルシェアオフィス
85,ホテルメッツ船橋,"false","false",19922.816795702427,"true",0,08:00,18:00,08:00,18:00,08:00,18:00,千葉県船橋市本町7-1-1,メッツフナバシ,3,207,ホテルシェアオフィス
37,ホテルメッツ溝ノ口,"false","false",16796.833619261015,"true",0,08:00,18:00,08:00,18:00,08:00,18:00,神奈川県川崎市高津区 溝口1-1-5,メッツミゾノクチ,3,95,ホテルシェアオフィス
52,ホテルメッツ水戸,"false","false",99667.35550362762,"true",0,08:00,18:00,08:00,18:00,08:00,18:00,茨城県水戸市宮町 1-1-1,メッツミト,3,125,ホテルシェアオフィス
38,ホテルメッツ武蔵境,"false","false",20164.424412159162,"true",0,08:00,18:00,08:00,18:00,08:00,18:00,東京都武蔵野市境南町 2-1-8,メッツムサシサカイ,3,97,ホテルシェアオフィス
42,ホテルメッツ目白,"false","false",6964.5716826239795,"true",0,08:00,18:00,08:00,18:00,08:00,18:00,東京都豊島区 目白1-4-1,メッツメジロ,3,105,ホテルシェアオフィス
43,ホテルメッツ横浜,"false","false",26846.409633668594,"true",0,08:00,18:00,08:00,18:00,08:00,18:00,神奈川県横浜市神奈川区鶴屋町 1-66-9 JR横浜鶴屋町ビル内,メッツヨコハマ,3,107,ホテルシェアオフィス
21,ホテルメッツ横浜鶴見,"false","false",20923.204159938654,"true",0,08:00,18:00,08:00,18:00,08:00,18:00,神奈川県横浜市鶴見区 鶴見中央1-31-2,メッツヨコハマツルミ,3,66,ホテルシェアオフィス
115,ホテルメトロポリタン秋田,"false","false",449181.34618441464,"true",0,08:00,19:00,08:00,19:00,08:00,19:00,秋田県秋田市 中通７丁目２番1号,メトロポリタンアキタ,3,265,ホテルシェアオフィス
81,ホテルメトロポリタン(池袋),"false","false",7438.07224258396,"true",0,08:00,19:00,,,,,東京都豊島区 西池袋1-6-1,メトロポリタンイケブクロ,3,199,ホテルシェアオフィス
464,メトロポリタン池袋,"true","false",7436.836509808563,"false",0,08:00,21:30,08:00,21:30,08:00,21:30,東京都豊島区 西池袋1-6-1,メトロポリタンイケブクロ,2,941,BOOTH
82,ホテルメトロポリタン エドモント(飯田橋),"false","false",2685.743208770467,"true",0,08:00,19:00,,,,,東京都千代田区飯田橋三丁目10番8号,メトロポリタンエドモントイイダバシ,3,201,ホテルシェアオフィス
135,ホテルメトロポリタン川崎,"false","false",17960.729478510017,"true",0,08:00,19:00,,,,,神奈川県川崎市幸区大宮町 1-5,メトロポリタンカワサキ,3,309,ホテルシェアオフィス
134,ホテルメトロポリタンさいたま新都心,"false","false",26517.858317178914,"true",0,08:00,19:00,,,,,埼玉県さいたま市中央区 新都心11-1,メトロポリタンサイタマシントシン,3,305,ホテルシェアオフィス
119,ホテルメトロポリタン仙台イースト,"false","false",302973.0379838953,"true",0,09:00,19:00,09:00,19:00,09:00,19:00,宮城県仙台市青葉区 中央１丁目１-１,メトロポリタンセンダイイースト,3,273,ホテルシェアオフィス
133,ホテルメトロポリタン高崎,"false","false",98485.44997915455,"true",0,08:00,19:00,,,,,群馬県高崎市八島町 222,メトロポリタンタカサキ,3,301,ホテルシェアオフィス
132,ホテルメトロポリタン長野,"false","false",177714.3717339846,"true",0,09:00,18:00,,,,,長野県長野市 南長野 南石堂町 1346 ホテルメトロポリタン長野,メトロポリタンナガノ,3,299,ホテルシェアオフィス
136,ホテルメトロポリタン丸の内,"false","false",330.6809518533783,"true",0,08:00,18:00,,,,,東京都千代田区 丸の内1-7-12 サピアタワー27階〜34階,メトロポリタンマルノウチ,3,313,ホテルシェアオフィス
108,ホテルメトロポリタン盛岡,"false","false",462386.66479219485,"true",0,08:00,19:00,08:00,19:00,08:00,19:00,岩手県盛岡市 盛岡駅前通1-44,メトロポリタンモリオカ,3,248,ホテルシェアオフィス
120,ホテルメトロポリタン山形,"false","false",289231.4135120475,"true",0,09:00,19:00,09:00,19:00,09:00,19:00,山形県山形市香澄町 1-1-1,メトロポリタンヤマガタ,3,275,ホテルシェアオフィス
391,ホテルメルディア大阪肥後橋,"false","false",404218.9362905499,"true",0,08:00,19:00,08:00,19:00,08:00,19:00,大阪府大阪市西区 江戸堀1-16-28,メルディアオオサカヒゴバシ,3,830,ホテルシェアオフィス
388,ホテルメルディア荻窪,"false","false",13752.719874141683,"true",0,08:00,19:00,08:00,19:00,08:00,19:00,東京都杉並区 天沼3-9-3,メルディアオギクボ,3,824,ホテルシェアオフィス
389,ホテルメルディア四条河原町,"false","false",371165.7075459561,"true",0,08:00,19:00,08:00,19:00,08:00,19:00,京都府京都市下京区 河原町通松原上る2丁目富永町354-2,メルディアシジョウカワラマチ,3,826,ホテルシェアオフィス
390,ホテルメルディア四条河原町アネックス,"false","false",371318.95537766523,"true",0,08:00,19:00,08:00,19:00,08:00,19:00,京都府京都市下京区 寺町通仏光寺下る恵美須之町530番地,メルディアシジョウカワラマチアネックス,3,828,ホテルシェアオフィス
397,メルディアステイ大宮KARIGANE,"false","false",372672.1214721443,"true",0,08:00,19:00,08:00,19:00,08:00,19:00,京都府京都市下京区 雁金町409-1,メルディアステイオオミヤカリガネ,3,842,ホテルシェアオフィス
394,メルディアステイ大宮KUROMON,"false","false",372664.05103529757,"true",0,08:00,19:00,08:00,19:00,08:00,19:00,京都府京都市中京区 下一文字町329,メルディアステイオオミヤクロモン,3,836,ホテルシェアオフィス
396,メルディアステイ大宮MATSUURA,"false","false",372623.17058846325,"true",0,08:00,19:00,08:00,19:00,08:00,19:00,京都府京都市中京区 松浦町849-1,メルディアステイオオミヤマツウラ,3,840,ホテルシェアオフィス
395,メルディアステイ四条大宮,"false","false",372735.06012233905,"true",0,08:00,19:00,08:00,19:00,08:00,19:00,京都府京都市中京区 藤岡町494,メルディアステイシジョウオオミヤ,3,838,ホテルシェアオフィス
392,メルディアステイ二条城,"false","false",372482.02052981436,"true",0,08:00,19:00,08:00,19:00,08:00,19:00,京都府京都市中京区 樽屋町473,メルディアステイニジョウジョウ,3,832,ホテルシェアオフィス
393,メルディアステイ二条城IWAGAMI,"false","false",372515.94759040116,"true",0,08:00,19:00,08:00,19:00,08:00,19:00,京都府京都市中京区 上八文字町476,メルディアステイニジョウジョウイワガミ,3,834,ホテルシェアオフィス
54,MOYORe:（新潟駅）,"false","false",255367.40171731886,"true",1,10:00,21:00,10:00,21:00,10:00,21:00,新潟県新潟市中央区 花園1丁目1-21,モヨリニイガタエキ,3,143,その他(WeWork等)
138,盛岡駅北改札外(みどりの窓口横),"true","false",462266.74186141894,"false",0,07:00,21:30,07:00,21:30,07:00,21:30,岩手県盛岡市盛岡駅前通 1-48 盛岡駅,モリオカエキキタカイサツガイミドリノマドグチヨコ,2,319,BOOTH
526,山形駅改札内1階コンコース,"true","false",289266.45429177635,"false",0,07:00,21:30,07:00,21:30,07:00,21:30,山形県山形市 香澄町1-1-1 山形駅,ヤマガタエキカイサツナイ1カイコンコース,2,980,BOOTH
13,有楽町駅銀座口改札外「Vitality」プラザ内,"true","false",837.6851798099837,"false",0,11:00,19:00,11:00,19:00,11:00,19:00,東京都千代田区有楽町 二丁目9-17,ユウラクチョウエキギンザエキカイサツガイバイタリティプラザナイ,2,49,BOOTH
333,湯本駅改札外待合室,"true","false",176353.82367699532,"false",0,07:00,21:30,07:00,21:30,07:00,21:30,福島県いわき市 常磐湯本町 天王崎92,ユモトエキカイサツガイマチアイシツ,2,744,BOOTH
460,横浜駅中央改札外,"true","false",27234.539622432356,"false",0,07:00,21:30,07:00,21:30,07:00,21:30,神奈川県横浜市西区 高島2-16-1 横浜駅,ヨコハマエキチュウオウカイサツガイ,2,935,BOOTH
185,横浜桜木町ワシントンホテル,"false","false",28291.271654763597,"true",0,08:00,19:00,08:00,19:00,08:00,19:00,神奈川県横浜市中区桜木町 1-101-1,ヨコハマサクラギチョウワシントンホテル,3,436,ホテルシェアオフィス
602,横浜第２合同庁舎 1Fエントランス,"true","false",28110.346819623257,"false",0,08:00,19:00,,,,,神奈川県横浜市中区 北仲通5-57 横浜第二合同庁舎,ヨコハマダイニゴウドウチョウシャイッカイエントランス,2,1167,BOOTH
529,吉川駅改札外,"true","false",22766.352042447183,"false",0,07:00,21:30,07:00,21:30,07:00,21:30,埼玉県吉川市 木売１-6-1 吉川駅,ヨシカワエキカイサツガイ,2,983,BOOTH
440,四街道駅改札外,"true","false",36184.33936036189,"false",0,07:00,21:30,07:00,21:30,07:00,21:30,千葉県四街道市四街道 1-1,ヨツカイドウエキカイサツガイ,2,903,BOOTH
58,四ツ谷駅改札外(四ツ谷口方面),"true","false",3278.583194288515,"false",0,07:00,21:30,07:00,21:30,07:00,21:30,東京都新宿区 四谷 １丁目 四ツ谷駅,ヨツヤエキカイサツガイヨツヤグチホウメン,2,151,BOOTH
471,ライジングフィールド軽井沢,"false","false",129700.7280973848,"true",1,09:00,17:00,,,,,長野県北佐久郡軽井沢町 長倉山国有林2129,ライジングフィールドカルイザワ,3,949,その他(WeWork等)
401,ラスカ熱海2階,"true","false",89536.54706717153,"false",0,09:15,17:30,09:15,17:30,09:15,17:30,静岡県熱海市 田原本町 11-1 熱海駅,ラスカアタミニカイ,2,848,BOOTH
95,リッチモンドホテル東京芝,"false","false",2997.684409034646,"true",0,08:00,19:00,08:00,19:00,08:00,19:00,東京都港区 芝公園2-3-4,リッチモンドホテルトウキョウシバ,3,227,ホテルシェアオフィス
269,リッチモンドホテル東京水道橋,"false","false",2944.5146688010464,"true",0,08:00,19:00,08:00,19:00,08:00,19:00,東京都文京区 本郷1-33-9,リッチモンドホテルトウキョウスイドウバシ,3,622,ホテルシェアオフィス
268,リッチモンドホテル東京目白,"false","false",7166.861808460505,"true",0,08:00,19:00,08:00,19:00,08:00,19:00,東京都豊島区 目白3-5-14,リッチモンドホテルトウキョウメジロ,3,620,ホテルシェアオフィス
92,リッチモンドホテルプレミア浅草,"false","false",4404.009552691445,"true",0,08:00,19:00,08:00,19:00,08:00,19:00,東京都台東区 浅草２－６－７,リッチモンドホテルプレミアアサクサ,3,221,ホテルシェアオフィス
93,リッチモンドホテルプレミア東京押上,"false","false",5357.591679266302,"true",0,08:00,19:00,08:00,19:00,08:00,19:00,東京都墨田区 押上１－１０－３,リッチモンドホテルプレミアトウキョウオシアゲ,3,223,ホテルシェアオフィス
465,ルミネ大宮LUMINE1内,"true","false",28164.421341607525,"false",0,07:00,21:30,07:00,21:30,07:00,21:30,埼玉県さいたま市大宮区錦町 630 ルミネ大宮,ルミネオオミヤルミネ1ナイ,2,942,BOOTH
470,LULU GRASS(軽井沢),"false","false",129274.860606645,"true",1,10:00,17:00,10:00,17:00,10:00,17:00,長野県北佐久郡軽井沢町 中軽井沢6-2,ルルグラス,3,953,その他(WeWork等)
341,ロイヤルスカイ（秋田空港）,"false","false",438397.36217327963,"true",1,07:00,19:30,07:00,19:30,07:00,19:30,秋田県秋田市雄和椿川 49番地,ロイヤルスカイアキタクウコウ,3,758,その他(WeWork等)
193,ホテルヴィアイン京都駅八条口,"false","false",372492.5379853293,"true",0,07:00,21:00,07:00,21:00,07:00,21:00,京都府京都市南区室町針小路東入ル東九条上殿田町44-1,ヴィアインキョウトエキハチジョウグチ,3,451,ホテルシェアオフィス
194,ホテルヴィアイン新大阪ウエスト,"false","false",402681.05056979187,"true",0,07:00,21:00,07:00,21:00,07:00,21:00,大阪府大阪市淀川区宮原4-1-21,ヴィアインシンオオサカウエスト,3,453,ホテルシェアオフィス
192,ホテルヴィアイン東京大井町,"false","false",9020.976850030194,"true",0,07:00,21:00,07:00,21:00,07:00,21:00,東京都品川区 大井4丁目3-1,ヴィアイントウキョウオオイマチ,3,449,ホテルシェアオフィス
195,ホテルヴィアイン博多口駅前,"false","false",887679.3194212663,"true",0,07:00,21:00,07:00,21:00,07:00,21:00,福岡県福岡市博多区 博多駅前2丁目17-11,ヴィアインハカタエキグチエキマエ,3,455,ホテルシェアオフィス
202,ホテルヴィスキオ尼崎,"false","false",408372.65031571826,"true",0,08:00,19:00,08:00,19:00,08:00,19:00,兵庫県尼崎市潮江 1-4-1,ヴィスキオアマガサキ,3,473,ホテルシェアオフィス
201,ホテルヴィスキオ大阪,"false","false",403706.36734132405,"true",0,08:00,19:00,08:00,19:00,08:00,19:00,大阪府大阪市北区 芝田 2丁目4番10号,ヴィスキオオオサカ,3,469,ホテルシェアオフィス
537,博多Q,"false","false",887386.4429466662,"true",1,09:00,19:00,,,,,福岡県福岡市博多区 博多駅中央街１-１ JR博多シティ地下１階,ﾊｶﾀｷｭｰ,3,1000,その他(WeWork等)
